ROW_NUM,FARM_ID,FARM_TYPE,FARM_NM,AREA_LCD,AREA_LNM,AREA_MCD,AREA_MNM,ADDRESS1,FARM_AREA_INFO,SELL_AREA_INFO,HOMEPAGE,COLLEC_PROD,OFF_SITE,APPLY_MTHD,PRICE,POSLAT,POSLNG,REGIST_DT,UPDT_DT
1,4471,유성구,송강지구도시농업농장,26,대전광역시,246,유성구,대전광역시 유성구 송강동 130,3825,30,,9개월,-,홈페이지 신청접수,30,36.4267630349384,127.382193834578,20200106,20250731
2,4461,목상동,목상 나눔텃밭 1,26,대전광역시,247,대덕구,대전광역시 대덕구 목상동 875,300,10,,8개월,-,방문,15,36.44440679520001,127.4113863496754,20200106,20250731
3,4475,유성구,관평지구도시농업농장,26,대전광역시,246,유성구,대전광역시 유성구 관평동 605-1,1202,30,,9개월,-,홈페이지 신청접수,30,36.41799602590844,127.37935286083878,20200106,20250731
4,4459,대전 대덕구,송촌 나눔텃밭 1-1,26,대전광역시,247,대덕구,대전광역시 대덕구 법동 46-4 일원,500,10,,8개월,"수도, 농기구","홈페이지, 방문",30,36.37264705326093,127.43116349722044,20200106,20250731
5,4454,대전 대덕구,송촌 나눔텃밭 1-2,26,대전광역시,247,대덕구,대전광역시 대덕구 송촌동 77-2,870,10,,8개월,"수도, 농기구","홈페이지, 방문",30,36.37006805175702,127.43934101778352,20200106,20250731
6,4453,송촌동,송촌 나눔텃밭 2,26,대전광역시,247,대덕구,대전광역시 대덕구 송촌동 51-3,850,10,,8개월,"수도, 농기구",방문,30,36.3683439,127.4455001,20200106,20250731
7,4477,유성구,죽동지구도시농업농장,26,대전광역시,246,유성구,대전광역시 유성구 죽동 228-6,10000,30,,9개월,-,홈페이지 신청접수,30,36.3777094081252,127.331589999325,20200106,20250731
8,4470,대전시(농생명정책과),복용동 공영도시농업농장,26,대전광역시,246,유성구,대전광역시 유성구 복용동 578,"13,314",20,,9개월,"화장실, 쉼터, 관수시설",홈페이지,30,36.34401343693848,127.31264985208998,20200106,20250731
9,4472,유성구,외삼지구도시농업농장,26,대전광역시,246,유성구,대전광역시 유성구 외삼동 338-7,3905,30,,9개월,-,홈페이지 신청접수,30,36.3996231129293,127.308230389284,20200106,20250731
10,4473,유성구,용계지구도시농업농장,26,대전광역시,246,유성구,대전광역시 유성구 용계동 452-1,6805,30,,9개월,-,홈페이지 신청접수,30,36.3253287411159,127.314920991772,20200106,20250731
11,4460,대전 대덕구,법1 나눔텃밭 1,26,대전광역시,247,대덕구,대전광역시 대덕구 법동 288,900,10,,8개월,"수도, 농기구","홈페이지, 방문",30,36.3683711732401,127.423224614325,20200106,20250731
12,4484,개인,배꽃 주말농장,22,부산광역시,215,강서구,부산광역시 강서구 강동동 201-1,"4,950",17,,12개월,화장실,전화,65,35.22188731639613,128.9366782716297,20200106,20250723
13,4483,부산광역시,신호지구 공동체정원 텃밭,22,부산광역시,215,강서구,부산광역시 강서구 신호동 300-3,13954,16,,12개월,"관리사무소, 화장실, 농기계대여소, 쉼터",홈페이지,40,35.0839638006759,128.873940342313,20200106,20250723
14,4486,부산광역시,동부산 공영텃밭,22,부산광역시,219,기장군,부산광역시 기장군 철마면 웅천리 311,3253,23,,12개월,"관리사무소, 화장실, 농기계대여소, 쉼터",홈페이지,60,35.2925364912722,129.169006316087,20200106,20250723
15,4506,개인,행복한도시농장,21,서울특별시,194,강서구,서울특별시 강서구 오쇠동 151-11,"3,000",15,,분양마감,화장실,전화,80,37.539514570422504,126.79751077047835,20200106,20250709
16,4487,민간단체,운봉사랑주말농장,22,부산광역시,212,해운대구,부산 해운대구 반송동 571-1,1355,33,,12개월,"화장실, 주차장",전화,100,35.2362336920832,129.143463998217,20200106,20250709
17,4499,서울 강동구청,강동힐링팜,21,서울특별시,203,강동구,서울특별시 강동구 암사동 253-3,"2,120",12,,8개월,"화장실, 야외테이블 등",공문 접수,,37.5609285,127.1333965,20200106,20250709
18,4491,서울 강동구청,강일텃밭,21,서울특별시,203,강동구,서울특별시 강동구 강일동 33-3,"11,488",12,,24년3월~12월,"주차장, 화장실, 야외테이블 등",인터넷 신청(강동구 도시농업포털),100,37.57838210558606,127.17506202741826,20200106,20250709
19,4494,개인,둔촌텃밭농원,21,서울특별시,203,강동구,서울특별시 강동구 둔촌동 125-1,"5,000","12,16",,8개월,"주차장, 식수대, 화장실 등",전화,100,37.52473970806302,127.1442382709997,20200106,20250709
20,4513,서울 관악구청,강감찬 텃밭,21,서울특별시,199,관악구,서울특별시 관악구 봉천동 259-1,"10,486",10,,9개월,"농업용수, 농기구 비치","홈페이지, 방문",55,37.471100110929626,126.95717280185036,20200106,20250707
21,4518,광진구청,광장동자투리텃밭,21,서울특별시,183,광진구,서울특별시 광진구 광장동 582-3,"2,800",6,,8개월,"사무실, 교육장, 쉼터, 화장실",구청 홈페이지,30,37.54449236045409,127.09886581564426,20200106,20250707
22,4516,광진구청,광나루자연학습장,21,서울특별시,183,광진구,서울특별시 광진구 광장동 401-24,600,6,,7개월,"교육장, 화장실",구청 홈페이지,40,37.54515684501319,127.10023660832798,20200106,20250707
23,4521,서울 노원구청,경춘선 숲길공원 텃밭,21,서울특별시,189,노원구,서울특별시 노원구 하계동 336-1,"1,008",4~7,,9개월,파고라 화장실,인터넷 접수(추첨),2~4,37.631617389432954,127.06746973051865,20200106,20250707
24,4517,광진구청,아차산자투리텃밭,21,서울특별시,183,광진구,서울특별시 광진구 광장동 378,"1,200",6,,8개월,원두막,구청 홈페이지,30,37.549386404876515,127.1008346918487,20200106,20250707
25,4515,광진구청,중랑천자투리텃밭,21,서울특별시,183,광진구,서울특별시 광진구 중곡동 503-28,"1,800",7.5,,8개월,없음,구청 홈페이지,무상(작물기부),37.56888405494493,127.0776845403227,20200106,20250707
26,4512,서울 관악구청,낙성대 텃밭,21,서울특별시,199,관악구,관악구봉천동231-2,"3,710",10,,9개월,"농업용수, 농기구 비치","홈페이지, 방문",,37.47038276782052,126.9585888917712,20200106,20250707
27,4511,서울 관악구청,충효 텃밭,21,서울특별시,199,관악구,관악구청룡동1529-1,250,10,,9개월,"농업용수, 농기구 비치","홈페이지, 방문",55,37.48067635140697,126.94035001417345,20200106,20250707
28,4514,서울 관악구청,청룡산 텃밭,21,서울특별시,199,관악구,서울특별시 관악구 청룡동 556-90,650,10,,9개월,"농업용수, 농기구 비치","홈페이지, 방문",55,37.4768060480527,126.9491050582477,20200106,20250707
29,4510,서울 관악구청,관악 도시농업공원,21,서울특별시,199,관악구,서울특별시 관악구 삼성동 산86-6,"1,814",10,,9개월,"농업용수, 농기구 비치","홈페이지, 방문",55,37.464162330433005,126.92603369115989,20200106,20250707
30,4525,도봉구,쌍문동 친환경 나눔텃밭,21,서울특별시,188,도봉구,서울특별시 도봉구 쌍문동 442-1,"9,296",9,,9개월,"화장실, 쉼터",홈페이지,60,37.65144413243961,127.01865620496105,20200106,20250701
31,4528,개인,도봉산초원주말농장,21,서울특별시,188,도봉구,서울 도봉구 도봉1동 380,"4,457",13,,9개월,화장실,전화,150,37.6935834,127.0427688,20200106,20250701
32,4526,도봉구,세대공감 텃밭,21,서울특별시,188,도봉구,도봉구창동산177,540,6,,9개월,"화장실, 쉼터",홈페이지,30,37.64314697038916,127.04770371959124,20200106,20250701
33,4529,개인,무수골주말농장,21,서울특별시,188,도봉구,서울 도봉구 도봉1동 469,"13,000",13,,9개월,화장실,전화,200,37.6768947,127.0324912,20200106,20250701
34,4524,개인,단비네주말농장,21,서울특별시,188,도봉구,서울 도봉구 도봉1동 431-5,"3,300",13,,9개월,화장실,전화,200,37.6798098,127.0360273,20200106,20250701
35,4534,개인,늘푸른주말농장,21,서울특별시,188,도봉구,서울특별시 도봉구 도봉1동 382-1,2049,12,,9개월,화장실,전화,120,37.6929432,127.0425528,20200106,20250627
36,4536,개인,장수텃밭,21,서울특별시,188,도봉구,서울특별시 도봉구 방학3동 419-2,"1,917",39,,9개월,화장실,전화,250,37.6669690,127.0243777,20200106,20250627
37,4530,개인,샘골농장,21,서울특별시,188,도봉구,서울특별시 도봉구 방학3동 534,"3,300",12,,9개월,화장실,전화,130,37.6593257,127.0207413,20200106,20250627
38,4540,개인,힐링주말농장,21,서울특별시,188,도봉구,서울특별시 도봉구 방학2동 392,"1,921",13,,9개월,화장실,전화,120,37.6713060,127.0332748,20200106,20250627
39,4545,개인,염곡주말농장,21,서울특별시,200,서초구,서울특별시 서초구 염곡동 26,"3,305",13.2,,9,"화장실, 주차장",개별신청,150,37.46172980008316,127.05667920315821,20200106,20250625
40,4544,개인,옛골텃밭농원,21,서울특별시,200,서초구,"서울특별시 서초구 신원동 44-2, 44-11","1,230",9.9,,9개월,"화장실, 주차장",개별신청,120,37.43466215671506,127.06624020115561,20200106,20250625
41,4546,개인,대원농장,21,서울특별시,200,서초구,서울특별시 서초구 원지동 227,"16,500",9.9,,9,"화장실, 주차장",홈페이지,150,37.452105685002174,127.0472898637149,20200106,20250625
42,4543,개인,진주주말농장,21,서울특별시,200,서초구,서울특별시 서초구 원지동 539,660,9.9,,9개월,화장실,개별신청,100,37.43470745030941,127.06243408665608,20200106,20250625
43,5141,개인,나들농원,24,인천광역시,232,남동구,인천 남동구 장수동 28-2,"4,099",13,,4~11월 / 조기 마감 될 수 있음,"급수, 휴게시설, 화장실",전화,120,37.4621205916867,126.772349780948,20240701,20250602
44,5161,개인,개인(김ㅇㅇ),31,충청북도,304,청주시,충북 청주시 상당구 산성동 35,"9,428",20,,조기 마감 될 수 있음,"주차장, 화장실, 휴식공간",전화,100,36.6597619581757,127.543594699238,20240821,20250602
45,5029,경기도,경기도민텃밭(용인흥덕),29,경기도,258,용인시,경기도 용인시 기흥구 영덕동 1099,14976,14,,~25.3.27. 17시 마감,"주차장, 수도 등","홈페이지, 유선(031-250-2734)",,37.27360222445434,127.08778721113184,20230203,20250321
46,4554,한권수,성심농원,21,서울특별시,200,서초구,서울특별시 서초구 원지동 560-2,"3,360",33,,9개월,화장실,개별신청,200,37.43660794234007,127.06172623107884,20200106,20241205
47,4569,개인,예목원알밤 주말농장,28,세종특별자치시,,,세종특별자치시 장군면 은용리 418-2,"2,000",20,,9개월,"관수시설,화장실,휴게시설","문자, 전화신청",100,36.4831414478345,127.19685813774,20200106,20241205
48,4563,향교재단법인,향교 농장,28,세종특별자치시,254,세종특별자치시,세종특별자치시 연기면 연기리 147-5,"2,210",17,,9개월,"관수,휴게시설,화장실","문자, 전화신청",80,36.5424143564269,127.275529285662,20200106,20241205
49,4552,개인,칠성농원,21,서울특별시,200,서초구,서울특별시 서초구 원지동 370,760,13.2,,9개월,"화장실, 주차장",개별신청,100,37.44401556322698,127.05472936938662,20200106,20241205
50,4549,서초구청,안골텃밭,21,서울특별시,200,서초구,서울특별시 서초구 내곡동 305,"2,086",14,,8개월,"화장실, 주차장",서초구청홈페이지,70,37.46194853688777,127.06351749623329,20200106,20241205
51,4547,서초구청,신흥텃밭,21,서울특별시,200,서초구,서울특별시 서초구 내곡동 1-247,"1,600",14.0,,8개월,"화장실, 주차장",서초구청홈페이지,100,37.45891729716554,127.08298631318142,20200106,20241205
52,4555,성동구청,성동무지개텃밭,21,서울특별시,182,성동구,서울특별시 성동구 행당동 76-3,"5,744",11,,9개월,"화장실, 원두막",홈페이지,60,37.55422861214237,127.04013714443765,20200106,20241205
53,4557,송파도시농업지원센터,솔이텃밭 2,21,서울특별시,202,송파구,서울특별시 송파구 방이동 445-7,"1,187",9.9,,12개월,"관리실, 농기구보관창고, 화장실",송파구홈페이지,70,37.50838896186437,127.13741647931495,20200106,20241205
54,4559,영등포구,문래동 공공공지 도시텃밭,21,서울특별시,197,영등포구,서울특별시 영등포구 문래동3가 55-6,"6,800",6,,8개월,"원두막, 쉼터 등",온라인신청,,37.517862,126.8987447,20200106,20241205
55,4570,개인,원석이네 주말농장,28,세종특별자치시,,,세종특별자치시 장군면 도계리 250,"1,530",17,,9개월,"관수시설,화장실,휴게시설","문자, 전화신청",90,36.4900873059087,127.20677005894,20200106,20241205
56,4558,송파도시농업지원센터,솔이텃밭 1,21,서울특별시,202,송파구,서울특별시 송파구 방이동 444-17,"2,876",9.9,,12개월,"관리실, 농기구보관창고, 화장실",송파구홈페이지,70,37.508490831869224,127.1387051612334,20200106,20241205
57,4550,개인,남태령주말농장,21,서울특별시,200,서초구,서울특별시 서초구 방배동 산139,"2,310",15,,9개월,"화장실, 주차장",개별신청,120,37.467842071025096,126.99273244891805,20200106,20241205
58,4548,서초구청,꽃초롱텃밭,21,서울특별시,200,서초구,서울특별시 서초구 내곡동 287,"1,084",14.0,,8개월,주차장,서초구청 홈페이지,70,37.46051933006222,127.06280368935383,20200106,20241205
59,4593,개인,관경농장,27,울산광역시,248,중구,울산광역시 중구 성안동 685,"2,078",17,,9개월,"화장실,음수대,쉼터,교육장 등",홈페이지,100,35.59377568525829,129.31716613773227,20200106,20241128
60,4578,동구청 경제진흥과,해당없음,27,울산광역시,250,동구,"울산광역시 동구 주전동 176,177,168","3,921",12,,12개월,"원두막, 쉼터 등",직접방문 및 전화,20,35.48448935633502,129.43496186168682,20200106,20241128
61,4587,울주군 삼남읍,신바람 텃밭,27,울산광역시,253,울주군,"울산광역시 울주군 삼남면 교동리 725-5, 725-8","2,318",13,,9개월,-,방문신청,10,35.54140825856312,129.1099706220054,20200106,20241128
62,4588,울산농업기술센터,도시민 텃밭농장,27,울산광역시,253,울주군,울산광역시 울주군 청량읍 문죽리 711,"2,000",20,,분양마감,"농기구, 보관창고",신청서 제출,20,35.5224374394597,129.26400283164,20200106,20241128
63,4610,개인,새로운 주말농장,24,인천광역시,232,남동구,인천광역시 남동구 남촌동 232-1,3865,33,,22.4월~11월,급수시설,전화,100,37.42607275928543,126.71589144548874,20200106,20241128
64,4647,개인,꽃뫼농원,24,인천광역시,235,서구,인천광역시 서구 시천동 3-16 외,"7,853",전화문의,,9개월,"주차장, 화장실, 체험장, 쉼터",전화,전화문의,37.56479882344668,126.69558347810309,20200106,20241121
65,4684,개인,매봉산 농원,32,충청남도,315,천안시,충청남도 천안시 동남구 병천면 탑원리 115-1,"2,079",33,,10,"수도시설, 쉼터, 이동식 화장실, 농기구",전화,80,36.7608984,127.3120252,20200106,20241121
66,4688,개인,초록이미지 채소정원,32,충청남도,315,천안시,충청남도 천안시 서북구 차암동 386,"2,263",12.5,,10,"수도시설, 쉼터, 화장실, 농기구 창고, 바비큐시설",전화,350,36.83761127039897,127.10738576217426,20200106,20241121
67,4672,개인,만수주말농장,33,전라북도,330,전주시,전라북도 전주시 덕진구 호성동 859,"3,700",26,,12개월,"관수시설, 화장실, 쉼터",전화,"50,000",35.8954431,127.1383304,20200106,20241121
68,4741,부산광역시 기장군,기장군 공영도시농업농장,22,부산광역시,219,기장군,경기도 여주시 점동면 장안리 산79-1,61126,100,,12개월,"관리사무소, 화장실, 농기계대여소",홈페이지,100,37.1948607452792,127.706916206322,20230127,20241121
69,4678,농업인,선범이네텃밭,32,충청남도,319,서산시,충청남도 서산시 성연면 564,"4,958㎡","3,305㎡",,12개월,"화장실, 관수시설, 농자재 등",전화,"3.3㎡당 10,000원",,,20200106,20241121
70,4668,완주군,이서(정농),33,전라북도,336,완주군,전라북도 완주군 이서면 용서리 649-1,"4,679",33,,8개월,원두막,"이메일, 전화(시민텃밭)",40,35.84275765365312,127.01539941213117,20200106,20241121
71,4664,완주군,낙정,33,전라북도,336,완주군,전라북도 완주군 봉동읍 낙평리 303,"4,142",33,,8개월,원두막,"이메일, 전화(완주군민)",40,35.930138184596395,127.16260153065825,20200106,20241121
72,4662,장성군,텃밭체험농장,34,전라남도,362,장성군,전라남도 장성군 장성읍 영천리 1455-4,"2,539","2,539",,9개월,관수,모집공고,,35.2956661,126.7755350,20200106,20241121
73,4744,대전시(농업기술센터),테마파크(케어팜),26,대전광역시,246,유성구,대전광역시 유성구 교촌동 413-2,"3,704","20, 10",,9개월,"화장실, 쉼터, 관수시설",홈페이지,"17, 8",36.30886296583499,127.30715285433425,20230127,20241121
74,4682,개인,천안도시농부텃밭,32,충청남도,315,천안시,충청남도 천안시 동남구 목천읍 동리147-1,"4,136",13.2,,10개월,"수도시설, 쉼터, 이동식화장실, 간이교육장, 농기구","전화, 네이버카페",80,36.7843316,127.2413011,20200106,20241121
75,4677,민간단체((사)한국농업경영인계룡시연합회),계룡시 한농연 주말농장,32,충청남도,321,계룡시,충청남도 계룡시 엄사면 엄사리 239-13,"7,260",16.5,,10개월,"화장실, 수도, 농기구창고",전화(계룡시민),35,36.283115070604566,127.23889208815953,20200106,20241121
76,4669,두억마을,두억,33,전라북도,336,완주군,전라북도 완주군 용진읍 간중리 11,"5,000",33,,8개월,화장실,"이메일, 전화(시민텃밭)",40,35.904466575265765,127.20783157538331,20200106,20241121
77,4653,나주시,빛가람공원텃밭,34,전라남도,347,나주시,"전라남도 나주시 빛가람동 536, 831, 864, 22-1","5,383",104.3,,8개월,"주차장,식수대,화장실,농기구보관창고",신청서 온라인제출(나주시민),"5,030",35.00964359991679,126.77416110728305,20200106,20241121
78,4651,중구시설관리공단,젓개농장,24,인천광역시,228,중구,인천 중구 운서동 3021-1,"4,206","3,420",,8개월,화장실,홈페이지,50,37.4992024200551,126.500282142412,20200106,20241121
79,4747,서구,노루벌텃밭,26,대전광역시,245,서구,대전광역시 서구 540-2번지,3174,40,,8개월,-,동 행정복지센터 신청,,,,20230127,20241105
80,4757,북구청 농수산과,울산 북구 공영도시텃밭,27,울산광역시,252,북구,울산광역시 북구 송정동 895-6,"2,855",15,,9개월,"쉼터, 급수",방문접수,30,35.59752310459424,129.3576598453563,20230127,20241105
81,4751,창원시,제덕 공동체 텃밭,36,경상남도,389,창원시,경상남도 창원시 진해구 제덕동 710등 3필지,2418,2418,,9개월,-,홈페이지,,35.104323591267914,128.7360986041826,20230127,20241105
82,4750,중구청 지역경제과,중구 도시텃밭,27,울산광역시,248,중구,"울산광역시 중구 성안동 594-1, 595","3,258",15,,9개월,"쉼터, 농기구함",직접 접수,20,35.58370139150217,129.31860928407556,20230127,20241105
83,4752,남구청 경제정책과,도시농장조성,27,울산광역시,249,남구,울산광역시 남구 옥동 490,"1,266",15,,12개월,-,행정복지센터,20,35.525608904202876,129.27369436138653,20230127,20241105
84,4753,남구청 경제정책과,도시농장조성,27,울산광역시,249,남구,울산광역시 남구 신정동 977-2,"1,089",15,,12개월,-,행정복지센터,20,35.518094259433816,129.3024776771053,20230127,20241105
85,4756,북구청 농수산과,울산 북구 공영도시텃밭,27,울산광역시,252,북구,울산광역시 북구 시례동 81,"4,747",15,,9개월,"쉼터, 급수",방문접수,30,35.60932426836113,129.34453052223614,20230127,20241105
86,4760,안성시농업기술센터,공도읍 지역공동체 공공텃밭,29,경기도,276,안성시,경기 안성시 공도읍 용두리 275-24,7710,10,,8개월,이용자 쉼터,홈페이지,30,37.0035656380062,127.165263172353,20230127,20241105
87,4762,경기 구리시,구리시 도시텃밭,29,경기도,275,구리시,토평동 991,7000,33,,12개월,"관수, 쉼터","홈페이지, 내방",30,37.58421085835974,127.14200624429812,20230127,20241105
88,4749,신탄진동,신탄진나눔텃밭 2,26,대전광역시,247,대덕구,"대전광역시 대덕구 신탄진동 24-2, 25",479,10,,8개월,-,방문,15,36.45155249069759,127.43695427282636,20230127,20241105
89,4748,유성구,하기지구도시농업농장,26,대전광역시,246,유성구,대전광역시 유성구 하기동 324,4093,30,,9개월,-,홈페이지 신청접수,30,36.3942729717322,127.32472010928,20230127,20241105
90,4746,서구,도안텃밭,26,대전광역시,245,서구,대전광역시 서구 도안동 2281 외 2필지,2886,20,,8개월,-,동 행정복지센터 신청,무료,36.3130879023135,127.35249846608,20230127,20241105
91,4761,안성시농업기술센터,안성맞춤랜드 지역공동체 공공텃밭,29,경기도,276,안성시,안성시 보개면 복평리 299-1,7710,10,,8개월,이용자 쉼터,홈페이지,30,37.034603869602,127.311812530535,20230127,20241105
92,4791,개인,고등주말농장,29,경기도,256,성남시,경기 성남시 수정구 시흥동 166-1,660,3.3,,12개월,주차장,전화,2,37.4253864666958,127.103710436355,20230127,20241029
93,4774,대구시청,금강도시텃밭,23,대구광역시,221,동구,대구광역시 동구 금강동 961,"5,578",15,,9,"화장실, 쉼터",대구도시농업박람회 홈페이지,40,35.864159237939866,128.73898836594836,20230127,20241029
94,4777,개인,초심농장,23,대구광역시,227,달성군,대구광역시 달성군 화원읍 본리리 1145-11,"6,000",16.5,,12개월,"교육장, 화장실, 수도","전화, 방문",100,35.77717963075584,128.53378294525749,20230127,20241029
95,4778,개인,얼음막골 교육텃밭,29,경기도,272,이천시,경기도 이천시 마장면 작촌로35번길 313 (오천리),1300,33,,7개월,"주차장, 식수대, 화장실, 휴게실",전화,100,37.2389871265448,127.351244718724,20230127,20241029
96,4773,진주시,진주시민텃밭,36,경상남도,390,진주시,경상남도 진주시 문산읍 두산리 504-2 외 2필지,"6,067","3,600",,9개월,"농기구 창고, 친환경방제약품, 쉼터 등",공고를 통한 개별신청,,35.15039809080487,128.14698293668764,20230127,20241029
97,4772,개인,노적봉주말농장,29,경기도,260,안산시,경기도 안산시 상록구 이동 299-3,1818,33,,9개월,"수도시설,쉼터","전화, 방문",100,37.3148270113016,126.84946267596614,20230127,20241029
98,4771,개인,비봉자연주말농장,29,경기도,263,화성시,경기 화성시 비봉면 비봉로 619 (삼화리),3305,33,,9,-,전화,100,37.2680269653209,126.857036702098,20230127,20241029
99,4770,개인,화목한텃밭노리,36,경상남도,393,김해시,화목동 1662,"1,500",23,,1년,"쉼터, 화장실",전화,"100,000",35.192763070053076,128.858917042336,20230127,20241029
100,4792,개인,서현행복주말농장,29,경기도,256,성남시,경기도 성남시 분당구 서현동 113,660,3.3,,12개월,주차장,전화,2,37.38210730886221,127.13437172934754,20230127,20241029
101,4781,용인시,용인시민농장,29,경기도,258,용인시,경기도 용인시 기흥구 공세동 216,8389,12,,9개월,"하우스, 화장실 등",홈페이지,5,37.2325517885805,127.104308016676,20230127,20241029
102,4780,포천시농업기술센터,소확행시민텃밭,29,경기도,277,포천시,경기도 포천시 군내면 242,2800,20,,8개월,비닐하우스,홈페이지,50,37.8646127091968,127.225460566382,20230127,20241029
103,4767,경기 광명시,애기능주말농장,29,경기도,268,광명시,경기도 광명시 노온사동 470-2,10350,16,,9개월,-,홈페이지,40,37.43892294657481,126.85744391327601,20230127,20241029
104,4768,개인,화목한 농장,36,경상남도,393,김해시,경상남도 김해시 화목동 170-23,"1,800",16.5,,1년,"쉼터, 화장실",전화,"100,000",35.20854442407364,128.85814398814213,20230127,20241029
105,4776,이천시,도시농장 텃밭,29,경기도,272,이천시,경기도 이천시 증포동 227-7,6894,16.5,,8개월,-,전화,50,37.29839024485368,127.45762623158197,20230127,20241029
106,4779,개인,하영농원,29,경기도,272,이천시,경기도 이천시 증일동 66-1,3000,16.5,,8개월,"주차장, 식수대, 화장실, 휴게실",전화,70,37.26571692352398,127.43481692438465,20230127,20241029
107,4764,평택시농업기술센터,시민텃밭,29,경기도,264,평택시,경기 평택시 오성면 숙성리 1033,300,9,,8개월,"주차장, 화장실, 관정",평택시 농업기술센터 홈페이지,50,37.0141680682735,126.985113121998,20230127,20241029
108,4784,자연보호협의회,두리봉농장,23,대구광역시,225,수성구,대구광역시 수성구 황금동 6-1,"1,512","1,512",,12개월,화장실,전화문의,단체운영,35.845705972939186,128.64214491781462,20230127,20241017
109,4785,성남시농업기술센터,고향텃밭,29,경기도,256,성남시,경기도 성남시 중원구 성남동 4823,2405,12,,8개월,"주차장,화장실,농기구함",방문,,37.42611414578462,127.12386473409842,20230127,20241017
110,4786,자연보호협의회,성동농장,23,대구광역시,225,수성구,대구 수성구 성동 436-14,"1,841","1,841",,12개월,화장실,전화문의,단체운영,35.8503577155729,128.722221134426,20230127,20241017
111,4787,성남시농업기술센터,원예치료텃밭,29,경기도,256,성남시,경기도 성남시 중원구 성남동 4823,720,12,,8개월,"주차장,화장실,농기구함",방문,,37.42611414578462,127.12386473409842,20230127,20241017
112,4789,희망토도시농업연구회,희망토천을산농장,23,대구광역시,225,수성구,대구광역시 수성구 매호동 199,"8,090","8,090",,12개월,화장실,전화문의,단체운영,35.85114273909067,128.69891338701035,20230127,20241017
113,4788,성남시농업기술센터,나눔농장텃밭,29,경기도,256,성남시,경기도 성남시 중원구 성남동 4823,2000,66,,8개월,"주차장,화장실,농기구함",방문,,37.42611414578462,127.12386473409842,20230127,20241017
114,4790,개인,찬우물골농원,29,경기도,256,성남시,경기 성남시 수정구 고등동 191,330,3.3,,12개월,주차장,전화,1.5,37.4358629792671,127.087271753086,20230127,20241017
115,4802,개인,여수주말농장,29,경기도,256,성남시,경기 성남시 중원구 여수동 415-4,660,3.3,,12개월,주차장,전화,30,37.4219975095141,127.136643129682,20230127,20241017
116,4782,성남시농업기술센터,실버텃밭,29,경기도,256,성남시,경기도 성남시 중원구 성남동 4823,67105,12,,8개월,"주차장,화장실,농기구함",홈페이지,,37.426114145785895,127.12386473409319,20230127,20241017
117,4783,성남시농업기술센터,희망텃밭,29,경기도,256,성남시,경기도 성남시 중원구 성남동 4823,770,12,,8개월,"주차장,화장실,농기구함",방문,,37.426114145785895,127.12386473409319,20230127,20241017
118,4793,북구청,팔달농장,23,대구광역시,224,북구,대구광역시 북구 팔달동 250-7,"2,961",30,,10개월,-,홈페이지,50,35.8937796,128.5372769,20230127,20241010
119,4795,북구청,동변농장,23,대구광역시,224,북구,대구광역시 북구 동변동 200-38,"3,070",30,,10개월,-,홈페이지,50,35.9271145,128.6010462,20230127,20241010
120,4799,개인,쌈지주말농장,29,경기도,256,성남시,경기도 성남시 분당구 서현동 73,825,3.3,,12,주차장,전화,2,37.3803284022325,127.1370986568092,20230127,20241010
121,4803,개인,해솔텃밭 1,32,충청남도,315,천안시,충청남도 천안시 서북구 업성동 347-1,"1,719",16.5,,10개월,"수도시설, 쉼터, 이동식화장실, 농기구",전화,50,36.85632068973319,127.13157452159176,20230127,20241010
122,4800,개인,별꽃원예치유농장,,,,,충청남도 천안시 서북구 성거읍 저리 137-2,"2,345",16.5,,10개월,"수도시설, 쉼터, 교육장, 퇴비장, 화장실","전화, 인스타그램",200,36.8816545,127.1941550,20230127,20241010
123,4794,개인,둔전주말농장,29,경기도,256,성남시,경기도 성남시 수정구 시흥동 4-1,660,3.3,,12개월,주차장,전화,2,37.426978882067566,127.11253931538042,20230127,20241010
124,4797,남구청,Joy Farm,23,대구광역시,223,남구,"대구광역시 남구 봉덕동 1187-6,1187-35","2,316",17,,4~12,"농자재창고, 쉼터",신청서 제출,40,35.831755932710344,128.60244385928456,20230127,20241010
125,4801,개인,여수동 주말농장,29,경기도,256,성남시,경기도 성남시 중원구 여수동 1,660,3.3,,12개월,주차장,전화,2,37.42298073042529,127.1185379241689,20230127,20241010
126,4805,개인,해솔텃밭 2,32,충청남도,315,천안시,충청남도 천안시 동남구 목천읍 삼성리 206-2,"3,104",16.5,,10개월,"수도시설, 쉼터, 이동식화장실, 농기구",전화,50,36.7679816,127.1666166,20230127,20241010
127,4804,개인,모두마니농장,29,경기도,256,성남시,경기도 성남시 분당구 대장동 422-2,1000,3.3,,12개월,주차장,전화,전화문의,37.37471298804927,127.060053614211,20230127,20241010
128,4813,라온,라온농장,29,경기도,266,시흥시,경기도 시흥시 포동 94,3000,미정,,8개월,-,방문,미정,37.406516108941226,126.77321310724139,20230127,20240924
129,4816,여수시농업기술센터,도시민유기텃밭,34,전라남도,345,여수시,전라남도 여수시 안산동 529,"1,200",15,,10개월,-,"홈페이지(ok통합예약포털, 여수시민)",30,34.757609758347385,127.64255116788304,20230127,20240924
130,4814,군자봉사람들,버팀목농원,29,경기도,266,시흥시,경기 시흥시 군자동 311,580,미정,,8개월,-,방문,미정,37.3599754631373,126.791980393812,20230127,20240924
131,4812,천안시,시민이 행복한 가족텃밭,32,충청남도,315,천안시,충청남도 천안시 동남구 목천읍 신계리 161-1,"2,069",9.9,,9개월,"수도시설, 쉼터, 농기구","전화, 이메일",30,36.7748650,127.2091742,20230127,20240924
132,4807,개인,어우러진(용곡동텃밭),32,충청남도,315,천안시,충청남도 천안시 동남구 용곡동 294-17,896,16.5,,10,"수도시설, 농기구",전화,100,36.78936107843508,127.14352186671981,20230127,20240924
133,4815,여수시농업기술센터,도시민가족텃밭,34,전라남도,345,여수시,"전라남도 여수시 해산동 348, 354","3,881",15,,10개월,-,"홈페이지(ok통합예약포털, 여수시민)",30,34.801139861305785,127.63936588256261,20230127,20240924
134,4811,시흥시농업기술센터,시흥시공영도시농업농장,29,경기도,266,시흥시,경기도 시흥시 월곶동 995,14390,12~16,,8개월,"잔디광장,쉼터,화장실",방문,미정,37.38880485084334,126.74056089926553,20230127,20240924
135,4809,개인,어우러진(신대마을텃밭),32,충청남도,315,천안시,충청남도 천안시 서북구 신당동 321-3,"3,305",16.5,,10개월,"쉼터, 닭장, 음식물 퇴비장",전화,100,36.8531027824846,127.16093153526,20230127,20240924
136,4808,개인,어우러진(안서동텃밭),32,충청남도,315,천안시,충청남도 천안시 동남구 안서동 271-1,"3,647",16.5,,10개월,"수도시설, 농기구",전화,100,36.82874537268073,127.1845368705342,20230127,20240924
137,4810,개인,어우러진(미죽텃밭),32,충청남도,315,천안시,충청남도 천안시 동남구 풍세면 미죽리 308-7,"1,320",16.5,,10개월,"수도시설, 탁자, 농기구",전화,100,36.7367263,127.1524115,20230127,20240924
138,4821,은행동 주민자치위원회,은행골 주말농장,29,경기도,266,시흥시,경기도 시흥시 안현동 195-2,1485,미정,,8개월,쉼터,방문,미정,37.43422803738481,126.80753473880934,20230127,20240912
139,4818,장흥군,도시민 행복키움농장,34,전라남도,355,장흥군,전라남도 장흥군 장흥읍 행원리 982-3,660,16.5,,8개월,"쉼터, 수도시설","방문(신청서 제출, 장흥군민)",8,37.38052578180288,126.86995209797026,20230127,20240912
140,4819,목감동 동네관리소,한마음길회,29,경기도,266,시흥시,경기도 시흥시 조남동 47,2650,미정,,8개월,쉼터,방문,미정,37.38052578180288,126.86995209797026,20230127,20240912
141,4833,정읍시공동체협회 (행정재산 관리위탁),왕솔밭공동체정원 텃밭,33,전라북도,333,정읍시,전북 정읍시 상동 115-12,480(60개소),8,,10개월,"개수대, 어린이놀이터 등",읍면동 방문접수,10,35.565051718909,126.872459698037,20230127,20240910
142,4830,개인,백운농장,29,경기도,278,의왕시,경기도 의왕시 학의동 491,800,16,,9개월,"물,쉼터,화장실",방문,60,37.382567747106535,127.01196034828847,20230127,20240910
143,4827,사단법인 유스앤피플,옐로우 행복주말농장,34,전라남도,359,무안군,전라남도 무안군 청계면 월선리 1097-3,"1,687",17,,6개월,"화장실, 주차공간, 쉼터, 관수시설","홈페이지, SNS, 전화",25,34.88981412273053,126.45786240088046,20230127,20240910
144,4828,삼향동주민자치위원회,전원마을 삼향동 주말농장,34,전라남도,344,목포시,전라남도 목포시 대양동 62-1,"1,828",농장당 17,,8개월,주차장,전화 또는 방문접수(선착순),80,34.8376032,126.4301963,20230127,20240910
145,4829,광양시,-,34,전라남도,348,광양시,전라남도 광양시 봉강면 지곡리 862-25,"2,000","1,920",,9개월,"주차장, 화장실",방문 및 팩스(광양시민),10,34.9888206331744,127.577081549037,20230127,20240910
146,4826,순천시,신대도시텃밭,34,전라남도,346,순천시,전라남도 순천시 해룡면 신대리 2136,"9,145",개인당 10,,22개월,"주차장, 교육장, 화장실, 농기구보관실, 관리실, 쉼터 등",우편 또는 이메일신청,35 / 년,34.929941070595284,127.5538900968521,20230127,20240910
147,4825,순천시,조례도시텃밭,34,전라남도,346,순천시,전라남도 순천시 조례동 382-5,"1,703",개인당 10,,22개월,"농기구보관실, 쉼터 등",우편 또는 이메일신청,30 / 년,34.9572479,127.5276901,20230127,20240910
148,4824,순천시,연향도시텃밭,34,전라남도,346,순천시,전라남도 순천시 연향동 1621-1,"1,441",개인당 10,,22개월,"농기구보관실 쉼터, 비닐하우스 등",우편 또는 이메일신청,30/년,34.9392740,127.5231554,20230127,20240910
149,4823,그루터기 농업회사법인,그루터기,29,경기도,266,시흥시,경기도 시흥시 정왕동 829-2,1415,미정,,8개월,지하수,방문,미정,37.34868782013671,126.75928153802687,20230127,20240910
150,4838,(사)전주시도시농업연구회,놀자천하지대본,33,전라북도,330,전주시,전라북도 전주시 색장동 Dec-00,"2,995",16,,12개월,"관수시설, 쉼터","전화, 인터넷","50,000",,,20230127,20240910
151,4837,개인,자연과 함께 꿈을 키우는 꿈틀농장,33,전라북도,330,전주시,전라북도 전주시 원동 Dec-00,"1,121",23,,12개월,"관수시설, 화장실, 주차장, 쉼터",전화,"70,000",,,20230127,20240904
152,4836,개인,,29,경기도,278,의왕시,경기도 의왕시 청계동 328,2644,16,,8개월,"물,쉼터,화장실",방문,130,37.402028292721,126.992610980856,20230127,20240904
153,4835,개인,,29,경기도,278,의왕시,"경기도 의왕시 학의동 470, 470-1",3305,33,,8개월,이동식화장실,방문,전화문의,37.38466033327247,127.01399648214094,20230127,20240904
154,4832,파주시,금촌 주말농장,29,경기도,267,파주시,경기 파주시 금촌동 1017,48115,10,,8개월,"주차장,화장실, 식수대등",인터넷,2,37.7482272242434,126.775351400589,20230127,20240904
155,4834,익산시,익산시주말가족농장,33,전라북도,332,익산시,전라북도 익산시 함열읍 다송리 721-49,"13,899",33,,10개월,"주차장, 식수대, 화장실","방문, 팩스, 이메일(익산시민)",15,36.0395167,126.9584483,20230127,20240904
156,4831,개인,알콩달콩,29,경기도,278,의왕시,경기도 의왕시 학의동 234,2500,33,,10,"물,쉼터,화장실",방문,150,37.389964756800815,127.00627562869924,20230127,20240904
157,4840,개인,도심속화분관리 나비채,33,전라북도,330,전주시,전라북도 전주시 덕진구 만성동 61-5,"4,413",33,,12개월,"관수시설, 쉼터",전화,"100,000",35.828388416640756,127.07153306961686,20230127,20240903
158,4843,자운학교,,29,경기도,267,파주시,경기 파주시 목동동 1090,305,17,,8개월,-,전화,무료,37.7188744818854,126.742443214839,20230127,20240823
159,4841,개인,,29,경기도,267,파주시,경기도 파주시 야동동 614,235,17,,8개월,-,전화,전화문의,37.77370641827137,126.7562825571374,20230127,20240823
160,4844,교하초등학교,,29,경기도,267,파주시,"경기 파주시 동편길 13 (교하동, 교하초등학교)",1727,17,,8개월,-,전화,,37.7537244486345,126.747059899882,20230127,20240823
161,4848,가람5단지 노인정,,29,경기도,267,파주시,경기도 파주시 가람로 116-40,2,2,,8,-,전화,,,,20230127,20240820
162,4850,한빛마을7단지 봉우리 봉사단,,29,경기도,267,파주시,"경기 파주시 와석순환로 61 (야당동, 한빛마을7단지 한신휴플러스)",23,17,,8개월,-,전화,,37.7088137027004,126.753704087433,20230130,20240820
163,4845,교하도서관,,29,경기도,267,파주시,"경기 파주시 숲속노을로 256 (동패동, 교하도서관)",50,17,,8개월,-,전화,,37.7233201711567,126.712302034664,20230127,20240820
164,4849,한울마을3단지 입주민,,29,경기도,267,파주시,"경기 파주시 동패로 100 (동패동, 한울마을 3단지 운정 더 클래스)",15,15,,8개월,-,전화,,37.7128809471112,126.741575378203,20230130,20240820
165,4924,개인,개인(최ㅇㅇ),31,충청북도,304,청주시,충청북도 청주시 청원구 외평동 668-3,"3,000",16,,8개월,"주차장, 화장실, 휴식공간",희망 텃밭농장에 방문접수 또는 전화접수,90,36.711077481609436,127.4746850755971,20230201,20240816
166,4926,개인,개인(김ㅇㅇ),31,충청북도,304,청주시,충청북도 청주시 흥덕구 휴암동 414-3,"16,900",20,,8개월,"주차장, 화장실, 솔밭, 텐트공간, 둘레길, 휴게실",희망 텃밭농장에 방문접수 또는 전화접수,100,36.6184359442808,127.40061224677,20230201,20240816
167,4930,개인,개인(최ㅇㅇ),31,충청북도,304,청주시,충청북도 청주시 청원구 내수읍 세교리 7-1,"1,935",43,,연중,"주차장, 화장실, 농기계, 식사공간 제공",희망 텃밭농장에 방문접수 또는 전화접수,100,36.7128823688469,127.569738374071,20230201,20240816
168,4927,개인,개인(이ㅇㅇ),31,충청북도,304,청주시,충청북도 청주시 흥덕구 석곡동 153,"4,566",20,,8개월,"주차장, 화장실, 휴식공간",희망 텃밭농장에 방문접수 또는 전화접수,100,36.604092617057745,127.42451599131684,20230201,20240816
169,4853,경기도의료원 파주병원어린이집,,29,경기도,267,파주시,경기 파주시 황골로 97 (금촌동),4,4,,8개월,-,전화,,37.7554663720761,126.779875634202,20230130,20240814
170,4851,한양수자인 리버팰리스 노인정,,29,경기도,267,파주시,"경기 파주시 문산읍 당동1로 52 (당동리, 파주한양수자인 리버팰리스 아파트)",120,17,,8개월,-,전화,,37.8648830347718,126.774937616596,20230130,20240814
171,4854,파주시립 큰나무희망 어린이집,,29,경기도,267,파주시,경기 파주시 순못길 87 (다율동),35,17,,8개월,-,전화,,37.7294246279511,126.715210318811,20230130,20240814
172,4855,사랑의 꿈터 지역아동센터,,29,경기도,267,파주시,경기 파주시 평화로 31 (금촌동),50,17,,8개월,-,전화,,37.7605029959382,126.771476223733,20230130,20240814
173,4856,운정3동 실버경찰대,,29,경기도,267,파주시,경기 파주시 운정4길 14-16 (야당동),2645,17,,8개월,-,전화,,37.7226583088693,126.772638679414,20230130,20240814
174,4857,한민고등학교,,29,경기도,267,파주시,경기 파주시 광탄면 혜음로 765 (용미리),200,17,,8개월,-,전화,,37.7580571552923,126.858036734073,20230130,20240814
175,4911,개인,산뜰에 주말농장,28,세종특별자치시,254,세종특별자치시,세종특별자치시 장군면 산학리 1-1,"3,400",17,,9개월,"관수시설,화장실,휴게시설","문자, 전화신청",90,36.4821229825495,127.235221344964,20230201,20240814
176,4859,가없이 좋은곳,,29,경기도,267,파주시,경기 파주시 법원읍 술이홀로 1333 (금곡리),300,17,,8개월,-,전화,전화문의,37.8864626358114,126.8775762287,20230130,20240813
177,4862,문산수억중고등학교,,29,경기도,267,파주시,우계로,966,17,,8개월,-,전화,,,,20230130,20240813
178,4860,새얼학교,,29,경기도,267,파주시,경기 파주시 법원읍 술이홀로 1333 (금곡리),1000,17,,8개월,-,전화,,37.8864626358114,126.8775762287,20230130,20240806
179,4872,신촌동사랑,,29,경기도,267,파주시,경기도 파주시 신촌동 395-2,481,17,,8개월,-,전화,,37.735259869968,126.691315502029,20230130,20240805
180,4870,개인,,29,경기도,267,파주시,경남 고성군 동해면 봉암리 1293,331,17,,8개월,-,전화,전화문의,34.9950357364127,128.447248666509,20230130,20240805
181,4867,개인,,29,경기도,267,파주시,경기도 파주시 운정4길 14-20 (야당동),331,17,,8개월,-,전화,전화문의,37.7224815783426,126.772519214068,20230130,20240805
182,4865,도시농업연구회,,29,경기도,267,파주시,경기 파주시 문산읍 당동리 913-2,132,17,,8개월,-,전화,전화문의,37.8625370984783,126.773316728416,20230130,20240805
183,4886,개인,연꽃주말농장,29,경기도,255,수원시,경기도 수원시 장안구 하광교동 259,2970,16,,9개월,-,전화,120,37.31270539542228,127.02387075178962,20230201,20240801
184,4887,개인,흙애주말농장,29,경기도,255,수원시,경기도 수원시 장안구 하광교동 265-8,2310,16,,9개월,-,전화,120,37.31211325652136,127.02289201121174,20230201,20240801
185,4884,개인,들꽃농원주말농장,29,경기도,255,수원시,경기도 수원시 장안구 상광교동 148-1,6600,16,,9,-,전화,140,37.327574625338144,127.01530369531858,20230130,20240801
186,4885,개인,웰빙주말농장 - 240801 종료됐다함,29,경기도,255,수원시,경기도 수원시 장안구 상광교동 193,4950,33,,9개월,-,전화,150,37.329329983670924,127.02045131621132,20230201,20240801
187,4889,개인,늘푸른주말농장,29,경기도,255,수원시,경기도 수원시 권선구 호매실동 37-4,1249,16,,9개월,-,전화,170,37.26932738972868,126.960554979728,20230201,20240801
188,4237,개인,개나리주말농장,29,경기도,259,부천시,경기도 부천시 고강동 187-8,"1,908",33,,8개월,-,전화,120,37.53190278697721,126.80988155488711,20200106,20240801
189,4234,개인,영재네주말농장,29,경기도,259,부천시,경기도 부천시 대장동 273-3,"3,000",33,,8개월,-,전화,120,37.54141328978199,126.7886325710139,20200106,20240801
190,4888,개인,광교주말농장,29,경기도,255,수원시,경기 수원시 장안구 하광교동 298-3,1500,16,,9개월,-,전화,150,37.3106377532425,127.026272483838,20230201,20240801
191,4765,의정부시,의정부도시텃밭,29,경기도,265,의정부시,경기도 의정부시 자일동 306-3,"12,000",13,,9,간이화장실,경기공유서비스홈페이지-텃밭분양,60,37.757998895475666,127.0853264177539,20230127,20240801
192,4233,개인,너른마당주말농장,29,경기도,259,부천시,경기도 부천시 고강동 2-20,"38,852",50,,8개월,"주차장, 간이화장실",전화,300,37.536992182264896,126.81804230748861,20200106,20240801
193,4875,사랑나눔,,29,경기도,267,파주시,경기도 파주시 탄현면 금승리 136-3,105,17,,8개월,-,전화,,37.82611411588758,126.74724977488,20230130,20240731
194,4876,푸른들녘,,29,경기도,267,파주시,경기 파주시 조리읍 오산리 130-3,110,17,,8개월,-,전화,,37.7735837889166,126.832347672713,20230130,20240730
195,4879,광탄중학교,,29,경기도,267,파주시,경기도 파주시 광탄면 혜음로 1124,330,17,,8개월,-,전화,,37.78179136262711,126.84715390342504,20230130,20240730
196,4880,수원시,탑동시민농장,29,경기도,255,수원시,경기도 수원시 권선구 탑동 540-2,119635,16,,8개월,"주차장, 화장실 등",홈페이지,15,37.2641986311244,126.979947635345,20230130,20240726
197,4882,수원시,물향기공원,29,경기도,255,수원시,경기 수원시 권선구 호매실동 1384,1910,10,,8개월,-,홈페이지,,37.2627756739576,126.953077426241,20230130,20240726
198,4883,수원시,청소년문화공원,29,경기도,255,수원시,경기도 수원시 팔달구 인계동 303-14,500,10,,8개월,-,홈페이지,,37.27184102814931,127.03237782981182,20230130,20240726
199,4881,수원시,두레뜰공원,29,경기도,255,수원시,경기 수원시 권선구 호매실동 1341,1820,10,,8개월,-,홈페이지,,37.2706344287115,126.943874534002,20230130,20240726
200,4892,민간단체,팝그린교육농장,29,경기도,255,수원시,경기도 수원시 장안구 하광교동 261,1322,전화문의,,전화문의,-,"전화,홈페이지",전화문의,37.31226075088665,127.0232877792939,20230201,20240723
201,4893,민간단체,자연누리 텃밭정원,29,경기도,255,수원시,경기도 수원시 장안구 하광교동 41,1800,전화문의,,전화문의,-,전화,전화문의,37.31916309808094,127.02071251281447,20230201,20240723
202,4890,개인,칠보산도토리주말농장,29,경기도,255,수원시,경기도 수원시 권선구 호매실동 919,3300,26,,9개월,-,전화,100,37.2620011927599,126.941831458933,20230201,20240723
203,4894,하남시,미사뒷벌텃밭,29,경기도,279,하남시,경기도 하남시 하산곡동 441-14,6721,12,,9개월,"쉼터, 화장실","온라인, 방문",3,37.5009517162019,127.23034319556926,20230201,20240718
204,4898,(사)양평환경농업-21,양평군 공공형 군민텃밭,29,경기도,279,하남시,경기 양평군 양평읍 공흥리 606-1,7883,17,,8개월,"휴게실, 농기구보관창고","이메일, 우편",25,37.4961299179952,127.502333340292,20230201,20240718
205,4897,하남시,풍산텃밭,29,경기도,279,하남시,경기도 하남시 초이동 370,4999,12,,9개월,"쉼터, 화장실","온라인, 방문",3,37.53454487683596,127.16351002163188,20230201,20240718
206,4896,하남시,초이텃밭,29,경기도,279,하남시,경기 하남시 미사동 83-1,3339,12,,9개월,"쉼터, 화장실","온라인, 방문",3,37.5640628909435,127.212511171026,20230201,20240718
207,4895,하남시,미사강변텃밭,29,경기도,279,하남시,경기도 하남시 미사동 573-1,8122,12,,9개월,"쉼터, 화장실","온라인, 방문",3,37.5773258931235,127.201190759892,20230201,20240718
208,4900,부천시,소사나눔텃밭,29,경기도,259,부천시,경기도 부천시 옥길동 512-1,7690,14,,8개월,"주차장, 간이화장실",인터넷,50,37.4744229854088,126.82293216071056,20230201,20240716
209,4899,부천시,문화동산텃밭,29,경기도,259,부천시,경기 부천시 길주로 1 (상동),13070,14,,8개월,주차장,인터넷,50,37.5090549772014,126.745618159413,20230201,20240716
210,4912,개인,우리들 주말농장,28,세종특별자치시,254,세종특별자치시,세종특별자치시 연동면 명학리 640-16,510,17,,9개월,"관수시설,화장실,휴게시설","문자, 전화신청",80,36.533573581011,127.332015095475,20230201,20240715
211,4904,도시농업공동체곳간지기,공영도시농업농장(아라농장),29,경기도,269,김포시,경기도 김포시 고촌읍 전호리 484-14,"3,306",16.5,,8개월,"화장실, 농기계보관창고",홈페이지,50,37.58902685492781,126.78763092794799,20230201,20240715
212,4903,개인,유정농원,29,경기도,259,부천시,경기도 부천시 춘의동 303,6000,66,,9개월,간이화장실,전화,150,37.50263925007094,126.81061186955179,20230201,20240715
213,4908,개인,산우 주말농장,28,세종특별자치시,254,세종특별자치시,세종특별자치시 연기면 수산리 366,"3,400",17,,9개월,"관수시설,화장실,주차장,휴게시설","문자, 전화신청",80,36.547921093891,127.229388909694,20230201,20240711
214,4910,개인,비학산 주말농장,28,세종특별자치시,254,세종특별자치시,세종특별자치시 금남면 용포리 11-4,510,17,,9개월,"관수,휴게시설,화장실,농기구창고","문자, 전화신청",80,36.4644743989714,127.291126761224,20230201,20240711
215,4909,쌍청영농조합법인,향이랑청이랑 주말농장,28,세종특별자치시,254,세종특별자치시,세종특별자치시 연서면 쌍류리 268-4,850,17,,9개월,"관수시설,화장실,휴게시설","문자, 전화신청",80,36.5952441035489,127.214286752151,20230201,20240711
216,4907,남양주시,진접내각도시텃밭,29,경기도,262,남양주시,경기도 남양주시 진접읍 내각리 337-10,1200,16,,8개월,주차장,온라인,30,37.70227070967125,127.1680317154067,20230201,20240711
217,4906,남양주시,다산도시텃밭,29,경기도,262,남양주시,경기도 남양주시 삼패동 527-1,6000,16,,8개월,주차장,온라인,30,37.6023659580382,127.186720106501,20230201,20240711
218,4905,남양주시,와부도시텃밭,29,경기도,262,남양주시,경기도 남양주시 와부읍 도곡리 1051-1,10600,16,,8개월,주차장,온라인,30,37.57933784965132,127.22717296346327,20230201,20240711
219,4913,개인,새샘 농장,28,세종특별자치시,254,세종특별자치시,세종특별자치시 금남면 호탄리 211-22,330,66,,9개월,"관수,휴게시설,화장실,쉼터, 울타리 등","문자, 전화신청",500,36.4705162545436,127.30281222858,20230201,20240709
220,4916,개인,한송주말농장,28,세종특별자치시,254,세종특별자치시,세종특별자치시 금남면 영곡리 582,600,20,,9개월,"관수시설,화장실,휴게시설","문자, 전화신청",70,36.4532351,127.2546977,20230201,20240709
221,4919,개인,산우 농장,28,세종특별자치시,254,세종특별자치시,세종특별자치시 연기면 수산리 366,330,66,,9개월,"관수,휴게시설,화장실,쉼터, 울타리 등","문자, 전화신청",600,36.5479292,127.2293790,20230201,20240709
222,4920,개인,그린 농장,28,세종특별자치시,254,세종특별자치시,세종특별자치시 금남면 대박리 241-9,330,66,,9개월,"관수,휴게시설,화장실,쉼터, 울타리 등","문자, 전화신청",500,36.4765434,127.3445484,20230201,20240709
223,4918,개인,새싹 농장,28,세종특별자치시,254,세종특별자치시,세종특별자치시 금남면 영대리 264,330,66,,9개월,"관수,휴게시설,화장실,쉼터, 울타리 등","문자, 전화신청",550,36.4651852,127.3414656,20230201,20240709
224,4915,개인,마루주말농장,28,세종특별자치시,254,세종특별자치시,세종특별자치시 금남면 호탄리 234,595,17,,9개월,"관수시설,화장실,휴게시설","문자, 전화신청",,36.474190423134,127.295274400489,20230201,20240709
225,4914,개인,태천팜스테이 주말농장,28,세종특별자치시,254,세종특별자치시,세종특별자치시 연기면 수산리 239,"1,400",20,,9개월,"관수시설,화장실,휴게시설","문자, 전화신청",100,36.5498116870597,127.235180237996,20230201,20240709
226,4922,개인,엘레 에모네스 농장,28,세종특별자치시,254,세종특별자치시,세종특별자치시 전의면 신정리 172,330,66,,9개월,"관수,휴게시설,화장실,쉼터, 울타리 등","문자, 전화신청",300,36.6896008,127.2278416,20230201,20240704
227,4921,개인,목인동 농장,28,세종특별자치시,254,세종특별자치시,세종특별자치시 전의면 신방리 506-3,330,66,,9개월,"관수,휴게시설,화장실,쉼터, 울타리 등","문자, 전화신청",600,36.6470233,127.1828925,20230201,20240704
228,4923,개인,우리들 농장,28,세종특별자치시,254,세종특별자치시,세종특별자치시 연동면 명학리 640-16,330,66,,9개월,"관수,휴게시설,화장실,쉼터, 울타리 등","문자, 전화신청",600,36.5335580,127.3320090,20230201,20240704
229,4932,청주시농업기술센터,옥산텃밭,31,충청북도,304,청주시,충북 청주시 흥덕구 옥산면 남촌리 964,"5,940",17,,8개월,"주차장, 화장실, 정자, 음수대, 세족대",농업기술센터 방문접수,,36.6840225,127.4227385,20230201,20240703
230,4642,인천도시농업네트워크,여우재텃밭,24,인천광역시,233,부평구,인천광역시 부평구 십정동 산99-1,"1,653",6~9,,지속,"농기구창고,쉼터,퇴비간,상수도","단체 홈페이지 / 분양조건 : 단체회원, 필수교육이수",70,37.48223211434312,126.68972142279195,20200106,20240701
231,4645,서구청,서구 실버농장,24,인천광역시,235,서구,인천 서구 검암동 산 3-3,"1,607",17,,8개월,"주차장, 화장실, 농기계창고",공고(방문신청),,37.56218435499426,126.70042613658298,20200106,20240701
232,4644,부평구,부영텃밭,24,인천광역시,233,부평구,인천 부평구 산곡동 산 20,"19,050","가족텃밭 6, 소형텃밭 3, 단체텃밭 15",,3월 말~11월,"농기구대요소, 화장실","방문,홈페이지","가족텃밭 30, 소형텃밭 15, 단체텃밭 무료",37.4946344121811,126.710432447652,20200106,20240701
233,4643,부평구,청천텃밭,24,인천광역시,233,부평구,인천광역시 부평구 청천동 67-124,"1,885",6~9,,3월말~11월,농기구대여소,"방문,홈페이지 / 신청자격: 단체텃밭- 관내 일반 단체",,37.52302856298086,126.69042816297963,20200106,20240701
234,4601,인천도시농업네트워크,서창텃밭,24,인천광역시,232,남동구,인천광역시 남동구 서창동 469-4,330,6,,지속,"농기구창고,쉼터,퇴비간,생태화장실,상수도",단체홈페이지,70,37.43324849615528,126.74335236228679,20200106,20240701
235,4952,연수구,송도석산텃밭,24,인천광역시,231,연수구,인천광역시 연수구 옥련동 194-10,"4,200",7,,11개월,"수도, 화장실 등",인터넷접수,10,37.4270681138551,126.63961038015208,20230201,20240701
236,4961,개인,형제주말농장,24,인천광역시,232,남동구,인천광역시 남동구 만수동 402-11,"10,001",23,,4월~11월,"급수, 휴게시설,화장실",전화,-,37.456895276290204,126.73804861235325,20230202,20240701
237,4602,남동희망공간,남동희망공간 주말농장,24,인천광역시,232,남동구,인천광역시 남동구 도림동 526-1,"3,028",50,,4월~11월,-,전화,100,37.42678907413499,126.7220907697476,20200106,20240701
238,4968,부평구,갈월샘텃밭,24,인천광역시,233,부평구,인천광역시 부평구 갈산동 105-1,"6,320","가족텃밭 7, 소형텃밭 3, 단체텃밭 20",,3월 말~11월,"농기구대여소, 화장실","방문,홈페이지","가족텃밭 30, 소형텃밭 15, 단체텃밭 무료",37.51917706172408,126.7250700043713,20230202,20240701
239,4596,개인,귤현웰빙주말농장,24,인천광역시,234,계양구,인천광역시 계양구 귤현동 349 외,"14,850","10,000",,3~11개월,"화장실, 주차장, 휴게실",전화,13천원,37.563364311204104,126.74063056557881,20200106,20240701
240,4965,개인,소래산주말농장,24,인천광역시,232,남동구,인천광역시 남동구 장수동 32-5,"3,037",12,,4월~11월,-,전화,-,37.46122932306812,126.77292778798535,20230202,20240701
241,4962,개인,서창동 10-1,24,인천광역시,232,남동구,인천광역시 남동구 서창동 10-1,"1,240",13,,4월~11월,-,전화,50,37.44375364990269,126.75569646761467,20230202,20240701
242,4959,개인,도림동 526-8,24,인천광역시,232,남동구,인천광역시 남동구 도림동 526-8,"3,306",50,,4월~11월,-,전화,100,37.42691957307183,126.72328562791604,20230202,20240701
243,4605,인천도시농업네트워크,도림텃밭,24,인천광역시,232,남동구,인천광역시 남동구 도림동 109,"1,983",6,,지속,"농기구창고,쉼터,퇴비간,생태화장실,상수도","단체홈페이지 / 분양조건 : 인천도시농업네트워크 단체회원, 교육이수 필요",70,37.42416160951343,126.73171295369087,20200106,20240701
244,4614,개인,청정 주말농장,24,인천광역시,232,남동구,"인천광역시 남동구 장수동 154,155","3,652",17,,4월~11월,"급수, 휴게시설,화장실",전화,100,37.455661856001804,126.77119079562209,20200106,20240701
245,4957,인천교구청,만수6동성당 주말농장,24,인천광역시,232,남동구,인천광역시 남동구 도림동 5,"4,145",33,,4월~11월,"급수, 휴게시설,화장실",전화,100,37.427316348278886,126.73140497572193,20230201,20240701
246,4616,개인,태현농장,24,인천광역시,232,남동구,인천광역시 남동구 만수동 756-1,"7,236",33,,4월~11월,"급수, 휴게시설,화장실",전화,100,37.43486608117835,126.74142650641338,20200106,20240701
247,4606,개인,오봉산 주말농장,24,인천광역시,232,남동구,인천광역시 남동구 논현동 51-2,"7,025",33,,4월~11월,"급수, 휴게시설,화장실",전화,100,37.41102748241078,126.73392298482432,20200106,20240701
248,4613,개인,만의골 주말농장,24,인천광역시,232,남동구,인천광역시 남동구 장수동 117-1,"2,516",23,,4월~11월,"급수, 휴게시설,화장실",전화,100,37.45801737388753,126.77051646496578,20200106,20240701
249,4607,남동구청,남동구 공공주말농장,24,인천광역시,232,남동구,인천광역시 남동구 남촌동 510-8,"11,700",17,,4월~11월,"급수, 휴게시설,화장실","방문, 홈페이지",20,37.42928321470624,126.70580180357517,20200106,20240701
250,4943,포항시청(농촌활력과),나눔텃밭,35,경상북도,366,포항시,"경상북도 포항시 남구 대잠동 26, 41-2",2000,1544,,10개월,창고,현장접수,0,36.0186673990359,129.34630537645126,20230201,20240627
251,4936,동해농협,이도동제1농장,30,강원도,289,동해시,강원도 동해시 이도동 234,1353,33,,9개월,물탱크,"이메일, 팩스 등",30,37.47929596598761,129.10764919175608,20230201,20240626
252,4935,원주시,,30,강원도,287,원주시,강원도 원주시 흥업면 흥업리 1672,360,360,,8개월,"퇴비장, 농기구합, 정자, 주차장 등","홈페이지, 전화",,37.3107436223577,127.907686301577,20230201,20240626
253,4937,동해농협,이도동제2농장,30,강원도,289,동해시,강원도 동해시 이도동 602,660,33,,9개월,물탱크,"이메일, 팩스 등",30,37.47901523249887,129.09800236248267,20230201,20240626
254,4944,김천시,행복도시텃밭,35,경상북도,368,김천시,"경상북도 김천시 남면 옥산리 631,632,637, 638, 648-1, 639",13721,15,,8개월,"관수시설, 소농기구",김천시농업기술센터 홈페이지,20,36.11607518208555,128.18983745224384,20230201,20240624
255,4945,구미시농업기술센터,도시농업 공영농장,35,경상북도,370,구미시,경상북도 구미시 구평동 1084,"10,870",15,,8개월,"주차장, 식수대, 화장실, 농기구 대여",홈페이지,30,36.0893805140397,128.44452447226774,20230201,20240620
256,4950,미추홀구청,어울림텃밭,24,인천광역시,230,미추홀구,인천광역시 미추홀구 주안동 산62-19,10654,5,,9개월,화장실,"홈페이지,방문",20,37.44377513520185,126.68219488395385,20230201,20240620
257,4949,울진군수,왕피천공원 주말농장,35,경상북도,387,울진군,경상북도 울진군 근남면 수산리 345-2,"2,000",15,,1년,"쉼터(정자),식수대 등",홈페이지 또는 방문신청,40,36.96995090059964,129.40181427307778,20230201,20240620
258,4948,경북 경산시,경산시 도시농업 공영농장,35,경상북도,375,경산시,경상북도 경산시 신천동 241-1,12700,"12 , 21",,9개월,"관리실, 쉼터, 이동식화장실, 주차장","신청서 작성 후 인터넷메일, 방문접수","50천원(12m²), 90천원(21m²)",35.8129369653394,128.7818804386215,20230201,20240620
259,4946,코오롱하늘채주민대표,무,35,경상북도,370,구미시,경상북도 구미시 임은동 174,"1,665",10,,1년,무,공고,,36.08543773422898,128.3680252807808,20230201,20240620
260,4951,연수구시설안전관리공단,송도행복텃밭,24,인천광역시,231,연수구,인천광역시 연수구 송도동 107-1,3465,20,,11개월,"수도, 화장실 등",인터넷접수,30,37.38334276322335,126.63416199229077,20230201,20240618
261,4953,연수구,선학힐링텃밭,24,인천광역시,231,연수구,인천광역시 연수구 선학동 231,5500,8.75,,11개월,"수도, 화장실 등",인터넷접수,13,37.4270191347777,126.702541266379,20230201,20240618
262,4954,남동구청,남동 실버농장,24,인천광역시,232,남동구,인천광역시 남동구 수산동 16,6125,16.5,,22.4월~11월,"급수, 휴게시설,화장실",방문,,37.442810073051184,126.73257943799433,20230201,20240617
263,4956,남인천농협,남인천농협 주말농장,24,인천광역시,232,남동구,인천광역시 남동구 남촌동 241-3,2975,33,,22.4월~11월,화장실,전화,60,37.42735867572585,126.71647071058143,20230201,20240617
264,4960,남동농협,푸른주말농장,24,인천광역시,232,남동구,인천광역시 남동구 도림동 321-1,3484,33,,22.4월~11월,"급수, 휴게시설,화장실",전화,-,37.41506732527736,126.72764886208937,20230202,20240613
265,4963,인천도시농업네트워크,-,24,인천광역시,232,남동구,인천광역시 남동구 서창동 469-2,81,13,,22.4월~11월,"급수, 휴게시설,화장실",전화,70,37.43324975735578,126.74355028277839,20230202,20240613
266,4971,인천광역시,이음텃밭,24,인천광역시,231,연수구,인천광역시 연수구 송도동 28-1,"14,750","10, 40",,22.4월~11월,"쉼터,퇴비간,창고,생태화장실",홈페이지,,37.403909290093594,126.63870271861485,20230202,20240610
267,4976,광주 동구청,도시농업 복합단지 분양텃밭,25,광주광역시,238,동구,광주광역시 동구 내남동 184,"7,360",15,,11개월,"관수시설, 파고라, 농기구함 등",방문 및 팩스,30,35.08617843459578,126.93927618252336,20230202,20240607
268,4972,광주 동구청,용연Ⅰ주말농장,25,광주광역시,238,동구,광주광역시 동구 용연동 423-1,"1,012",15,,11개월,"관수시설, 파고라, 농기구함 등",방문 및 팩스,30,35.094648735745935,126.96250619758392,20230202,20240607
269,4975,광주 동구청,내남Ⅱ주말농장,25,광주광역시,238,동구,광주광역시 동구 내남동 191-1,"1,190",15,,11개월,"관수시설, 농기구함 등",방문 및 팩스,30,35.086289426145,126.9371682881578,20230202,20240607
270,4973,광주 동구청,용연Ⅱ주말농장,25,광주광역시,238,동구,광주광역시 동구 용연동 426-1,"1,025",15,,11개월,"관수시설, 파고라, 농기구함 등",방문 및 팩스,30,35.09510097618637,126.96229356948511,20230202,20240607
271,4974,광주 동구청,내남Ⅰ주말농장,25,광주광역시,,,"광주광역시 동구 내남동 190, 191-1","1,696",15,,11개월,"관수시설, 농기구함 등",방문 및 팩스,30,35.08622621874086,126.93768542732244,20230202,20240607
272,4293,서울시,수능리,29,경기도,281,양평군,경기도 양평군 서종면 수능리 395-1,"3,300",16.5,,8개월,"그늘막,급수시설,주차장,화장실",홈페이지(https://cityfarmer.seoul.go.kr/content.do?key=1905228829214),80(시지원40+자부담40),37.5997975,127.3708545,20200106,20240605
273,4209,서울시청,성사동,29,경기도,,,경기도 고양시 덕양구 성사동 617-3,"5,445",16.5,,8개월,"그늘막,급수시설,주차장,화장실",홈페이지(https://cityfarmer.seoul.go.kr/content.do?key=1905228829214),100(시지원30+자부담70),37.66470577636962,126.84592539909316,20200106,20240605
274,4213,서울시청,귀여리,29,경기도,271,광주시,경기도 광주시 남종면 귀여리 393-2,"6,023",16.5,,8개월,"그늘막,급수시설,주차장,화장실",홈페이지(https://cityfarmer.seoul.go.kr/content.do?key=1905228829214),80(시지원40+자부담40),37.503607585883884,127.32559153098573,20200106,20240605
275,4208,서울시청,수역이,29,경기도,,,경기도 고양시 덕양구 성사동 604-3,"8,910",16.5,,8개월,"그늘막,급수시설,주차장,화장실",홈페이지(https://cityfarmer.seoul.go.kr/content.do?key=1905228829214),100(시지원30+자부담70),37.663994137095074,126.84842184011015,20200106,20240605
276,5023,개인,황금텃밭농장,21,서울특별시,194,강서구,서울특별시 강서구 개화동 497-7,"3,315",13,,분양마감,화장실,홈페이지(https://cityfarmer.seoul.go.kr/content.do?key=1905228829214),130(시지원30+자부담100),37.58092103556925,126.79122386587248,20230202,20240605
277,5017,서울시청,양수가정,29,경기도,281,양평군,경기도 양평군 양서면 부용리 647-1,"8,745",16.5,,8개월,"그늘막,급수시설,주차장,화장실",홈페이지(https://cityfarmer.seoul.go.kr/content.do?key=1905228829214),80(시지원40+자부담40),37.5504366309615,127.33950108717433,20230202,20240605
278,4979,두암2동주민자치위원회,도시텃밭,25,광주광역시,241,북구,광주광역시 북구 두암동 37,"1,591",26,,12개월,수도 창고 쉼터,공고,50,35.17585260932569,126.9395884978657,20230202,20240605
279,4977,(재)광주기후에너지진흥원,(재)광주기후에너지진흥원,25,광주광역시,239,서구,광주광역시 서구 유촌동 719-6,"1,400",33,,12개월,-,인터넷,,35.1617052,126.8434061,20230202,20240605
280,4292,서울시청,부용리,29,경기도,281,양평군,경기도 양평군 양서면 부용리 582-1,"10,725",16.5,,8개월,"그늘막,급수시설,주차장,화장실",홈페이지(https://cityfarmer.seoul.go.kr/content.do?key=1905228829214),80(시지원40+자부담40),37.55248058248561,127.33651970902667,20200106,20240605
281,4217,서울시청,도마리,29,경기도,271,광주시,경기도 광주시 퇴촌면 도마리 203,"7,425",16.5,,8개월,"그늘막,급수시설,주차장,화장실",홈페이지(https://cityfarmer.seoul.go.kr/content.do?key=1905228829214),80(시지원40+자부담40),37.4672443,127.2764458,20200106,20240605
282,5016,서울시청,삼봉아양,29,경기도,262,남양주시,경기도 남양주시 조안면 삼봉리 347,"8,250",16.5,,8개월,"그늘막,급수시설,주차장,화장실",홈페이지(https://cityfarmer.seoul.go.kr/content.do?key=1905228829214),80(시지원40+자부담40),37.59016056545624,127.33618108838459,20230202,20240605
283,5015,서울시청,송촌약수터,29,경기도,262,남양주시,경기 남양주시 조안면 송촌리 964,"6,930",16.5,,8개월,"그늘막,급수시설,주차장,화장실",홈페이지(https://cityfarmer.seoul.go.kr/content.do?key=1905228829214),80(시지원 40+자부담40),37.5781516516039,127.313554396257,20230202,20240605
284,4978,개인,산마루주말농원,25,광주광역시,240,남구,광주광역시 남구 진월동 74-19 외 15필지,"5,018",33,,8개월,"관리동, 원두막, 휴게실, 파라솔, 평상, 주차장, 바베큐시설, 캠핑장, 산책로","방문, 전화",200,35.11131477696894,126.90793984267505,20230202,20240605
285,5121,서울시,원당동,29,경기도,257,고양시,경기 고양시 덕양구 원당동 209-2,"2,970",16.5,,8개월,"그늘막,급수시설,주차장,화장실",홈페이지(https://cityfarmer.seoul.go.kr/content.do?key=1905228829214),100(시지원30+자부담70),37.6659872275101,126.854528016667,20240605,20240605
286,4982,개인,개인텃밭,25,광주광역시,241,북구,광주광역시 북구 각화동 14 외 1필지,"1,220",-,,수시,-,전화,-,35.17944307551484,126.94591642080557,20230202,20240604
287,4980,삼각동주민자치회,바람개비 텃밭,25,광주광역시,241,북구,광주광역시 북구 삼각동 732-37,"2,180",16.5,,12개월,-,"방문, 전화",50,35.19763893708397,126.90066640307012,20230202,20240604
288,4983,전남대학교 농업실습교육원장,전남대학교 도시농업체험장,25,광주광역시,241,북구,광주광역시  광산구 용봉동 300,"1,520",3.3/16.5,,12,쉼터,공고(agrobio.jnu.ac.kr),50(틀밭)/100(노지),35.0753838802148,126.770098066772,20230202,20240604
289,4984,시민행복발전소,광산시민농부학교실습텃밭,25,광주광역시,242,광산구,"광주광역시 광산구 지산동 93-1, 118-1","3,680",10,,12개월,"쉼터, 수도시설",전화연락,60,35.18893766208088,126.73987992508196,20230202,20240603
290,4989,성동구청,다산농장,29,경기도,262,남양주시,경기 남양주시 조안면 조안리 산 149-1,"1,104",16,,9개월,"화장실, 원두막",홈페이지,10,37.5412361,127.2898157,20230202,20240603
291,4985,본량농협,본량 사랑나눔농장,25,광주광역시,242,광산구,"광주광역시 광산구 지산동 18-2,18-3","3,633",23/33,,12개월,"교육장, 화장실, 쉼터, 농기구창고 등",전화연락,60/90,35.18609062753624,126.73425396534344,20230202,20240603
292,4993,석관동 두산아파트 주민 및 어린이집,석관도시텃밭,21,서울특별시,186,성북구,서울특별시 성북구 석관동 14-5,500,9,,10개월,-,추첨,,37.61064204747013,127.06678947836869,20230202,20240530
293,4991,중랑구청,중랑행복2농장(망우1호),21,서울특별시,185,중랑구,서울특별시 중랑구 망우동 423-43,"1,844",6.6,,8개월,농막,홈페이지,30(텃밭) / 100(배나무),37.59182102289113,127.10291778941969,20230202,20240530
294,4992,중랑구청,중랑행복3농장(망우2호),21,서울특별시,185,중랑구,서울특별시 중랑구 망우동 113-2,"6,568",6.6,,8개월,조경시설,홈페이지,30,37.59025131546275,127.10344485056613,20230202,20240530
295,4990,중랑구청,중랑행복1농장(신내1호),21,서울특별시,185,중랑구,서울특별시 중랑구 신내동 256-9,"3,461",6.6,,8개월,"농막, 스마트팜 시설, 화장실",홈페이지,30,37.618482015194836,127.10843522716685,20230202,20240530
296,4995,서울 강북구,강북 도시농업 체험장,21,서울특별시,187,강북구,서울특별시 강북구 수유동 599,"6,843",10,,9개월,"생태 화장실, 농기구 창고",구청 홈페이지,-,37.645549897919,127.003273750367,20230202,20240530
297,4994,서울 강북구,강북 도시농업 체험장,21,서울특별시,187,강북구,서울특별시 강북구 수유동 594-1,"2,657",3.1,,9개월,"체험교육장, 화장실, 농기구 창고",구청 홈페이지,15,37.64640327634232,127.00286061860396,20230202,20240530
298,5008,금천구,안양천 도시농업체험장,21,서울특별시,196,금천구,서울특별시 금천구 독산동 719-5,"3,000",10,,8개월,휴게시설,"온라인, 방문",30,37.459089501350086,126.88904898528395,20230202,20240529
299,5009,금천구,광명 도시농업체험장,29,경기도,268,광명시,경기 광명시 하안동 506,"4,283",10,,8개월/24년까지 운영 예정,캠핑데크,"온라인, 방문",30,37.455341505911086,126.86647543392509,20230202,20240529
300,5002,서대문구,노고산농장,29,경기도,273,양주시,경기 양주시 장흥면 삼상리 190,"1,650",825,,10개월,"주차장, 식수대, 화장실",홈페이지,,37.6900339,126.9319437,20230202,20240529
301,4276,개인,노고산,29,경기도,273,양주시,경기도 양주시 장흥면 삼상리 190,9700,15,,9개월,숙박,전화,80,37.69003298943784,126.93168352834395,20200106,20240529
302,4997,서울 노원구청,불암 어울림공원 텃밭,21,서울특별시,189,노원구,서울특별시 노원구 상계동 95-336,693,4.95,,9개월,화장실,인터넷 접수(추첨),30,37.66436449742605,127.07744323345361,20230202,20240528
303,4999,서울 노원구청,노원힐링텃밭,21,서울특별시,189,노원구,경기도 남양주시 별내동 2235,"1,584",9.9,,9개월,화장실,인터넷 접수(추첨),50,37.680684314847,127.108625419418,20230202,20240528
304,5101,서울 강남구청 지역경제과,세곡천제2힐링텃밭,21,서울특별시,201,강남구,서울특별시 강남구 세곡동 24,"3,660",10,,2024년 3~12월(마감),"주차장,보관소,수돗가,휴게공간,관리실,화장실,등",인터넷접수(강남구청 홈페이지),50,37.4644647,127.1186076,20240528,20240528
305,5012,서울 강남구청 지역경제과,세곡천제1힐링텃밭,21,서울특별시,201,강남구,"서울특별시 강남구 세곡동 13-2, 13-4, 54","9,100",10,,9개월(마감),"주차장,보관소,수돗가,휴게공간,관리실,화장실,등",홈페이지 접수(강남구청 홈페이지),50,37.46407545396407,127.11759021067243,20230202,20240528
306,5000,은평구청 공원녹지과,향림도시농업체험원 텃밭,21,서울특별시,190,은평구,서울특별시 은평구 불광동 475,"24,615",10,,8개월,"식수대, 화장실, 농기구대여창고",홈페이지,30,37.6278410448618,126.920349344354,20230202,20240528
307,4998,서울 노원구청,모두의 정원 텃밭,21,서울특별시,189,노원구,서울특별시 노원구 상계동 770-2,207,4.32,,9개월,화장실,인터넷 접수(추첨),20,37.6441600064637,127.058299587221,20230202,20240528
308,5006,양천구,신트리공원 자원순환텃밭,21,서울특별시,193,양천구,서울특별시 양천구 신정동 310-7,"16,409","1,300",,9개월,"농기구함, 수도시설, 휴게공간, 화장실",홈페이지,,37.5146108986665,126.856503753534,20230202,20240527
309,5005,양천구,양천도시농업공원,21,서울특별시,193,양천구,서울특별시 양천구 신월동 산174-1,"24,078","4,400",,9개월,"농기구함, 수도시설, 휴게공간, 화장실",홈페이지,,37.51281345637379,126.82575787865379,20230202,20240527
310,5003,양천구,양천1마당텃밭,21,서울특별시,193,양천구,서울특별시 양천구 신월동 350-35,"1,800","1,200",,9개월,"농기구함, 수도시설, 화장실",홈페이지,,37.517671082706414,126.82590989642036,20230202,20240527
311,5007,서울 구로구청,주말농장,21,서울특별시,195,구로구,서울특별시 구로구 궁동 4번지,"19,064",16,,10개월,-,홈페이지,60,37.5059286,126.8286803,20230202,20240523
312,5010,서울 관악구청,서림동 텃밭,21,서울특별시,199,관악구,서울특별시 관악구 신림동 143-1,"3,500",10,,9개월,"농업용수, 농기구 비치","홈페이지, 방문",55,37.468728030422575,126.94822133001092,20230202,20240523
313,5014,서울 강동구청,가래여울2텃밭,21,서울특별시,203,강동구,서울 강동구 강일동 144-1,910,12,,24년3월~12월,"주차장, 화장실, 야외테이블 등",인터넷 신청(강동구 도시농업포털),100,37.5771963777722,127.167462120971,20230202,20240522
314,5011,서초구청,청룡텃밭,21,서울특별시,200,서초구,서울특별시 서초구 신원동 255,"10,989",14.0,,8개월,"화장실, 주차장",서초구청 홈페이지,100,37.447914883648096,127.0589119303339,20230202,20240522
315,5013,서울 강동구청,가래여울1텃밭,21,서울특별시,203,강동구,서울특별시 강동구 강일동 138-21,"5,160",12,,24년3월~12월,"주차장, 화장실, 야외테이블 등",인터넷 신청(강동구 도시농업포털),100,37.57732827284707,127.16900909649665,20230202,20240522
316,5020,개인,천수텃밭,21,서울특별시,189,노원구,서울특별시 노원구 중계본동 46,"6,332",9.9,,11개월,-,전화신청(선착순),140,37.6463507,127.0852864,20230202,20240520
317,5022,개인,꿈이닿은농장,21,서울특별시,194,강서구,서울특별시 강서구 오쇠동 104-2,"3,300",16.5,,분양마감,화장실,전화,70,37.54482296124094,126.78904834425413,20230202,20240517
318,5021,개인,북한산솔밭농장,21,서울특별시,190,은평구,서울특별시 은평구 진관동 272-3,"14,000",14,,8개월,"주차장, 화장실, 창고, 휴게시설, 수도시설",전화,150,37.6544919800044,126.94686370874906,20230202,20240517
319,5025,개인,암사가족농장,21,서울특별시,203,강동구,서울특별시 강동구 암사동 380-2,"9,078",12,,24년3월~12월,"주차장, 식수대, 화장실 등",전화,100,37.55790398085574,127.13758023033789,20230202,20240516
320,5024,개인,일자산텃밭,21,서울특별시,203,강동구,서울특별시 강동구 둔촌동 599,"7,672",12,,24년3월~12월,"화장실, 야외테이블 등",전화,110,37.5321097037576,127.1489994569684,20230202,20240516
321,5026,개인,토끼굴텃밭,21,서울특별시,203,강동구,서울특별시 강동구 암사동 603-44,"7,717",12,,8개월,"주차장, 식수대, 화장실 등",전화,100,37.554376655978835,127.12500041625086,20230202,20240516
322,5081,,그린농원(2농장),32,충청남도,315,천안시,충남 천안시 서북구 성환읍 성월리 16-17,"1,652.9",33,,24년4월15일 ~ 11월15일 / 완료시까지,"관수, 이동식화장실, 원두막, 큰농기구, 개인사물함, 주차장",전화,100,36.9225805,127.1417314,20240416,20240514
323,5041,개인,그린농원(1농장),32,충청남도,315,천안시,충남 천안시 서북구 성환읍 천안대로 2075 (성환리),"1,650",16.5,,선착순,"급수시설, 농기구, 쉼터, 이동식화장실",전화,60,36.9237912324536,127.13409371122,20231101,20240514
324,5042,개인,그린농원(7농장),32,충청남도,315,천안시,충남 천안시 서북구 직산읍 모시리 77-1,"1,650",16.5,,선착순,"급수시설, 농기구, 쉼터, 이동식화장실",전화,60,36.8717166066971,127.145168497475,20231103,20240514
325,4501,개인,암사텃밭,21,서울특별시,203,강동구,서울특별시 강동구 암사동 603-3,"6,017",12,,24년3월~12월,"화장실, 야외테이블 등",전화,120,37.55504395268574,127.1257589977339,20200106,20240404
326,3620,서울 강서구청,오곡텃밭농장,21,서울특별시,194,강서구,서울특별시 강서구 오곡동 417-2 외,"11,149","1,016.5",,분양마감,"쉼터, 주차장, 화장실, 흙먼지털이기계 등",홈페이지,"3,050",37.55732261930878,126.77963316994712,20190515,20240404
327,4298,의왕시,행복가꿈주말농장,29,경기도,278,의왕시,경기도 의왕시 왕곡동 84,4000,10,,9개월,"주차장,하우스, 쉼터",방문,,37.34702236213736,126.99437199503207,20200106,20230817
328,4219,개인,대림배농원,29,경기도,271,광주시,경기 광주시 직동 302,2000,13,,8개월,"주차장, 화장실, 농자재보관창고, 야외휴게시설",홈페이지,50,37.3984511389537,127.182417222536,20200106,20230817
329,4280,개인,여울농장,29,경기도,273,양주시,경기 양주시 장흥면 삼상리 446-12,2080,11,,9개월,"쉼터,화장실",전화,80,37.6882496193307,126.930467203915,20200106,20230817
330,4451,대구시청,팔현도시텃밭,23,대구광역시,225,수성구,대구광역시 수성구 고모동 26-24,"8,159",15,,9개월,"화장실, 쉼터",대구도시농업박람회 홈페이지,40,35.8685139,128.6758440,20200106,20230816
331,4533,개인,장수농장,21,서울특별시,188,도봉구,서울특별시 도봉구 방학3동 420-1,"2,644",10,,9개월,화장실,전화,80,37.6669390,127.0253215,20200106,20230816
332,3713,북구청,도남농장,23,대구광역시,224,북구,대구광역시 북구 도남동 719-1,"2,332",30,,10개월,-,홈페이지,50,35.9610697,128.5838853,20190515,20230816
333,4539,개인,웰빙주말농장,21,서울특별시,188,도봉구,서울특별시 도봉구도봉1동468,"2,264",13,,9개월,화장실,전화,200,37.6769701,127.0333393,20200106,20230816
334,4373,양산시농업기술센터,양산시 공영 도시농업 농장,36,경상남도,396,양산시,경상남도 양산시 물금읍 중산리 540-4,396,6.6,,9개월,"화장실, 쉼터, 원예체험장 등",홈페이지 공고확인 및 직접신청,30,35.8685139,128.6758440,20200106,20230816
335,4436,개인,강정보여울주말농장,23,대구광역시,227,달성군,대구광역시 달성군 다사읍 죽곡리 762,"2,640",16.5,,12개월,"쉼터, 화장실","전화, 방문",100,35.8423166,128.4650727128.4650727,20200106,20230816
336,4535,개인,만세동,21,서울특별시,188,도봉구,서울특별시 도봉구 도봉1동 543,"10,000",13,,9개월,화장실,전화,150,37.6753146,127.0216991,20200106,20230816
337,4279,개인,방아다리,29,경기도,273,양주시,경기도 양주시 장흥면 삼하리 47-3,1650,16.5,,9,"쉼터,화장실",전화,80,37.68271454684342,126.92071239702241,20200106,20230223
338,4282,개인,천보Wellness,29,경기도,273,양주시,경기도 양주시 광사동 482-1,1650,16.5,,9개월,"주차장,캠핑장",전화,80,37.77125454788551,127.06945381557324,20200106,20230223
339,4283,개인,209팜,29,경기도,273,양주시,경기도 양주시 봉양동 209-1,1000,26.4,,9개월,"쉼터,식수대,미니운동장,주차장",전화,100,37.8578481127149,127.08047896650608,20200106,20230223
340,4444,대구 동구청,동구 공영텃밭,23,대구광역시,221,동구,대구광역시 동구 대림동 554,"4,907",14,,10개월,화장실,방문신청,40,35.87148843533845,128.74822962673258,20200106,20230223
341,4452,수성구청,천을산농장,23,대구광역시,225,수성구,"대구광역시 수성구 매호동 195, 197, 198","5,729",20,,9개월,"주차장, 화장실","인터넷, 행정복지센터 접수",40,35.851195530108946,128.69972972791194,20200106,20230223
342,4358,개인,새싹주말농장,29,경기도,263,화성시,경기도 화성시 진안동 219-1,4000,3.3,,9개월,-,전화,10,37.21975818549754,127.03970247091473,20200106,20230223
343,4360,개인,정원농장,29,경기도,263,화성시,경기도 화성시 정남면 869번길,1652,3.3,,8개월,-,전화,10,,,20200106,20230223
344,4361,개인,왕림주말농원,29,경기도,263,화성시,경기도 화성시 봉담읍 30,1652,33,,9개월,-,전화,100,37.22658140000052,126.94093845393552,20200106,20230223
345,4362,개인,새말햇살농장,29,경기도,263,화성시,경기도 화성시 봉담읍 291-1,2800,33,,9개월,-,전화,100,37.2208304999994,126.95041795393668,20200106,20230223
346,4363,개인,힐링캠프주말농장,29,경기도,263,화성시,경기도 화성시 진안동 691,2000,3.3,,9개월,-,전화,10,37.22070944861535,127.03733514850516,20200106,20230223
347,4365,개인,장안뜰주말농장,29,경기도,263,화성시,경기도 화성시 봉담읍 44,6000,33,,8개월,-,전화,100,37.21419690000157,126.97579075393236,20200106,20230223
348,4369,개인,우동농장,36,경상남도,393,김해시,경상남도 김해시 진영읍 우동리 186-1,"4,500",16.5,,1년,"쉼터, 화장실",전화,"70,000",35.27512372896291,128.72193602149397,20200106,20230223
349,4370,개인,의숙농장,36,경상남도,393,김해시,경상남도 김해시 생림면 마사리 1640,"3,300",16.5,,1년,"쉼터, 화장실",전화,"80,000",35.36119918002786,128.80851429669195,20200106,20230223
350,4372,개인,강동농장,36,경상남도,393,김해시,"경상남도 김해시 강동 428-11, 12","2,600",16.5,,1년,"쉼터, 화장실",전화,"80,000",35.21326822227503,128.88294537917199,20200106,20230223
351,4289,개인,씨알농장,29,경기도,273,양주시,경기도 양주시 광사동 295,12000,33,,9개월,"화장실,캠핑장",전화,100,37.796602092912806,127.06952630448897,20200106,20230223
352,4245,한어울림,한어울림 공동체주말농장,29,경기도,266,시흥시,경기도 시흥시 방산동 산37-10,800,미정,,8개월,-,방문,미정,37.416533672056694,126.77062992341985,20200106,20230223
353,4251,신현동새마을지도자부녀회,신현동새마을 주말농장,29,경기도,266,시흥시,"경기도 시흥시 포동 14, 14-3, 14-5",4109,미정,,8개월,쉼터,방문,미정,37.40577128444122,126.7836061048644,20200106,20230223
354,4275,개인,예술공원주말농장,29,경기도,,,경기도 안양시 만안구 석수동 221-1,3500,13,,10개월,"주차장,그늘막",전화접수,60,37.41999566640876,126.91759574080075,20200106,20230223
355,4221,개인,동사골 주말농장,29,경기도,275,구리시,경기도 구리시 아천동 335,9917,33,,9개월,"관수, 쉼터",방문,200,37.57053470785919,127.11519052671244,20200106,20230223
356,4263,안산시,초지농장,29,경기도,260,안산시,경기도 안산시 단원구 초지동 666-2,21104,16.5,,8개월,"주차장, 화장실",방문접수,14,37.32034059183275,126.8099720406762,20200106,20230223
357,4390,포항시청(농촌활력과),용마을텃밭,35,경상북도,366,포항시,경상북도 포항시 북구 용흥동 444,2023,2000,,10,창고,현장접수,,36.07045406779182,129.3832852694124,20200106,20230223
358,4414,텃밭공동체 호미,건강희망텃밭,25,광주광역시,240,남구,광주광역시 남구 양과동 931-2 외 4필지,"8,510",10,,10개월,"세면장, 물탱크, 교육장 등","전화, 팩스, 메일",50,35.08759255581823,126.86719172983416,20200106,20230223
359,4421,두암1동주민자치위원회,두일행복텃밭,25,광주광역시,241,북구,광주광역시 북구 두암동 891-20,456,17,,12개월,상수도,공고,50,35.168090722733126,126.92852620587496,20200106,20230223
360,4214,서울시청,삼성리,29,경기도,271,광주시,경기도 광주시 남종면 삼성리 422,"17,510",17,,10,"그늘막,급수시설,주차장,화장실",홈페이지,60,37.47405086555538,127.2739391555503,20200106,20230223
361,4215,서울시청,하번천리,29,경기도,271,광주시,경기도 광주시 남한산성면 하번천리 105,"3,400",17,,10,"그늘막,급수시설,주차장,화장실",홈페이지,60,37.438885955631555,127.2872043119248,20200106,20230223
362,4216,서울시청,지월리,29,경기도,271,광주시,경기도 광주시 초월읍 지월리 680,"76,350",17,,10개월,"그늘막,급수시설,주차장,화장실",홈페이지,60,37.404034300581586,127.28771666854267,20200106,20230223
363,4218,광주시농업기술센터,도담텃밭,29,경기도,271,광주시,경기도 광주시 남한산성면 하번천리 38-1,4000,13,,8개월,"주차장, 화장실, 농자재보관창고, 야외휴게시설",홈페이지,10,37.437977980355406,127.28765315957342,20200106,20230223
364,4222,개인,모모 주말농장,29,경기도,275,구리시,경기도 구리시 사노동 464-2,1200,12,,9개월,"관수, 쉼터","전화,홈페이지",150,37.64359503081729,127.13563000894668,20200106,20230223
365,4286,개인,행복한 주말농원,29,경기도,273,양주시,경기도 양주시 고읍동 108,1320,33,,9개월,-,전화,100,37.803697292997306,127.07944714747215,20200106,20230223
366,4287,개인,희망농원,29,경기도,273,양주시,경기도 양주시 만송동 182-5,1650,16.5,,9개월,-,전화,70,37.79383684967057,127.09613894214068,20200106,20230223
367,4288,개인,진영농장,29,경기도,273,양주시,경기도 양주시 광사동 354,5100,33,,9개월,화장실,전화,100,37.78998331652126,127.07253159610805,20200106,20230223
368,4301,개인,어여비주말농장,29,경기도,278,의왕시,경기도 의왕시 이동 551-3,8595,16,,9개월,"화장실,주차장,바베큐장","방문,홈페이지",100,37.331685034469665,126.96481609350273,20200106,20230223
369,4225,서울시청,삼봉리,29,경기도,262,남양주시,경기도 남양주시 조안면 삼봉리 331-3,"4,250",17,,10,"그늘막,급수시설,주차장,화장실",홈페이지,60,37.58880220552753,127.33275422631583,20200106,20230223
370,4226,마포구,삼각교육텃밭,29,경기도,,,경기도 고양시 덕양구 덕은동 569-3,"1,140",16.8,,9개월,쉼터,"방문, 이메일, 우편",,37.58089218446336,126.87676269218312,20200106,20230223
371,4247,아파트주말농장공동체,아파트주말농장,29,경기도,266,시흥시,경기도 시흥시 정왕동 3-3,6800,미정,,8개월,"쉼터, 수도, 간이화장실",방문,미정,37.370128044611405,126.75823975543786,20200106,20230223
372,4249,자사모,자생화를 사랑하는 사람들,29,경기도,266,시흥시,"경기도 시흥시 군자동 35-1,2",4400,미정,,8개월,쉼터,방문,미정,37.357205622912666,126.80555518107415,20200106,20230223
373,4250,능곡동통장협의회,능곡동 시민공동체텃밭,29,경기도,266,시흥시,경기도 시흥시 능곡동 425-4,4083,미정,,8개월,쉼터,방문,미정,37.36237276787242,126.81076458203705,20200106,20230223
374,4389,포항시도시농업연구회,행복텃밭,35,경상북도,366,포항시,경상북도 포항시 북구 두호동 산30-1,2800,2351,,12개월,"쉼터, 창고",현장접수,40,36.07045406779182,129.3832852694124,20200106,20230223
375,4416,(사)도시농업연구소,덕남도시텃밭,25,광주광역시,240,남구,광주광역시 남구 덕남동 113-1,"5,310",10,,10개월,"세면장, 물탱크, 교육장 등","전화, 팩스, 메일",30,35.09385970689555,126.8939030456988,20200106,20230223
376,4265,개인,끝셈무지개농원,29,경기도,260,안산시,경기도 안산시 상록구 부곡동 207-3,3966,66,,9개월,"주차장, 화장실","전화연락,방문접수",150,37.33865542698012,126.85928067361897,20200106,20230223
377,4399,(재)누리문화재단,온누리텃밭,25,광주광역시,242,광산구,광주광역시 광산구 하산동 365-2,4945,10,,12개월,"수도,창고,화장실,주차장",단체.구청 홈페이지,,35.09814393359297,126.76502179176543,20200106,20230223
378,4429,대구시청,도원도시텃밭,23,대구광역시,226,달서구,대구광역시 달서구 도원동 1190,"4,725",15,,9개월,"화장실, 쉼터",대구도시농업박람회 홈페이지,40,35.79475460224361,128.5491754996951,20200106,20230223
379,4291,개인,맑은숨터 주말농장,29,경기도,273,양주시,경기도 양주시 광적면 광석리 299,2800,16.5,,9개월,-,전화,70,37.8248639668495,126.97597048086173,20200106,20230223
380,4294,서울시청,교동리,29,경기도,281,양평군,경기도 양평군 양서면 부용리 21,"8,500",17,,10,"그늘막,급수시설,주차장,화장실",홈페이지,60,37.556404921487115,127.35719820788816,20200106,20230223
381,4295,용인시,용인시민농장,29,경기도,,,경기도 용인시 처인구 마평동 573-8,7195,12,,7개월,"교육장, 원두막, 화장실 등",홈페이지,5,37.228039868553886,127.21489088126523,20200106,20230223
382,4299,의왕시,내손농장,29,경기도,278,의왕시,경기도 의왕시 청계동 74-1,2600,20,,9개월,"하우스,쉼터",방문,50,37.40549989635379,127.02535299852477,20200106,20230223
383,4300,의왕시,가막들공원 온가족텃밭교실,29,경기도,278,의왕시,경기도 의왕시 청계동 993,200,5,,7개월,"주차장, 쉼터",방문,,37.38953658922966,126.9982589482506,20200106,20230223
384,4348,민간단체,살래텃밭,29,경기도,267,파주시,경기도 파주시 탄현면 성동리 706,17606,17,,8개월,-,전화,20,37.78287821823908,126.69145864268246,20200106,20230223
385,4297,의왕시,월암농장,29,경기도,278,의왕시,경기도 의왕시 월암동 331-5,4200,10,,9개월,"주차장,하우스, 쉼터",방문,,37.310480427358165,126.9547010342712,20200106,20230223
386,4303,개인,송암농장,29,경기도,278,의왕시,경기도 의왕시 오전동 422,3966,33,,12개월,"원두막,쉼터 화장실",방문,160,37.353287781186886,126.98477070996175,20200106,20230223
387,4304,개인,청목농장,29,경기도,278,의왕시,경기도 의왕시 내손동 547-2,1322,33,,8개월,"화장실,원두막",방문,200,37.3787683718236,126.9921503356724,20200106,20230223
388,4305,개인,오매기농장,29,경기도,278,의왕시,경기도 의왕시 오전동 423-2,9917,33,,8개월,"원두막,쉼터, 화장실",방문,150,37.35203535928679,126.98381203089468,20200106,20230223
389,4256,연성동 주민참여예산위,3세대 가족농장 Together,29,경기도,266,시흥시,경기도 시흥시 하중동 708-4,3080,미정,,8개월,쉼터,방문,미정,37.39164477141166,126.80007025531687,20200106,20230223
390,4257,문화사랑,에덴농원,29,경기도,266,시흥시,경기도 시흥시 포동 278,1650,미정,,8개월,"쉼터, 수도",방문,미정,37.406277803420856,126.77140684059006,20200106,20230223
391,4258,시흥시농업기술센터,함줄도시농업공원,29,경기도,266,시흥시,경기도 시흥시 정왕동 1774-1,15000,12~16,,8개월,"잔디광장,쉼터,화장실",방문,미정,37.36862239445403,126.7353121191913,20200106,20230223
392,4259,시흥시농업기술센터,배곧텃밭나라,29,경기도,266,시흥시,경기도 시흥시 정왕동 2507,29470,12~16,,8개월,"잔디광장,쉼터,화장실",방문,미정,37.37190048572633,126.72452167986162,20200106,20230223
393,4261,안산시,단원농장,29,경기도,260,안산시,경기도 안산시 단원구 초지동 747,37947,16.5,,8개월,"주차장, 화장실",방문접수,14,37.30516886333062,126.80512249736506,20200106,20230223
394,4264,안산시,유원지농장,29,경기도,260,안산시,경기도 안산시 단원구 초지동 667,23005,16.5,,8개월,"주차장, 화장실",방문접수,14,37.32649649533419,126.8100900476775,20200106,20230223
395,4266,개인,바람들이 농장,29,경기도,260,안산시,경기도 안산시 상록구 부곡동 262-1,2640,16.5,,9개월,"주차장, 화장실","전화연락,방문접수",100,37.33949218837219,126.87793446099339,20200106,20230223
396,4269,개인,팝콘주말농장,29,경기도,260,안산시,경기도 안산시 상록구 부곡동 129-2,2565,26,,9개월,"주차장, 화장실","전화연락,방문접수",120,37.342320508172854,126.85659831622363,20200106,20230223
397,4270,개인,은성주말농장,29,경기도,260,안산시,경기도 안산시 상록구 장상동 109,2625,33,,9개월,"주차장, 화장실","전화연락,방문접수",100,37.35434070775978,126.8689854520846,20200106,20230223
398,4663,화순군,화순군힐링가족텃밭,34,전라남도,354,화순군,전라남도 화순군 화순읍 교리 247,"1,897","1,897",,8개월,-,"홈페이지, 전화 등",30,35.06086473801308,126.9801976247597,20200106,20230223
399,4274,개인,유원주말농장,29,경기도,,,경기도 안양시 만안구 석수동 145-2,1600,30,,10개월,"주차장,그늘막",전화접수,250,37.425174970440246,126.91450988285665,20200106,20230223
400,4281,개인,매내미농장,29,경기도,273,양주시,경기도 양주시 장흥면 삼하리 291-2,330,16.5,,9개월,화장실,전화,70,37.67517568010507,126.91947059139987,20200106,20230223
401,4268,안산시,상록농장,29,경기도,260,안산시,경기도 안산시 상록구 이동 622-1,10855,16.5,,8개월,주차장,방문접수,14,37.30943298648063,126.85262749563798,20200106,20230223
402,4238,개인,나눔농장,29,경기도,259,부천시,경기도 부천시 대장동 304-1,1200,33,,9개월,간이화장실,전화,100,37.54091290286668,126.78805703382396,20200106,20230223
403,4308,개인,하이디농장,29,경기도,278,의왕시,경기도 의왕시 청계동 207-1,16528,10,,9개월,"화장실,쉼터,원두막 등",방문,100,37.39590152125333,127.02399262445174,20200106,20230223
404,4273,개인,커뮤니티농장,29,경기도,,,경기도 안양시 만안구 박달동 378-2,1750,16,,10개월,"주차장,그늘막, 화장실",전화접수,60,37.38934853155838,126.88406932499592,20200106,20230223
405,4277,개인,능머루주말농원,29,경기도,273,양주시,경기도 양주시 장흥면 삼하리 255,3300,26,,9개월,화장실,전화,70,37.67608138978744,126.91483137641505,20200106,20230223
406,4278,개인,하모니 주말농장,29,경기도,273,양주시,경기도 양주시 은현면 용암리 354,1650,33,,9개월,-,전화,80,37.85071136466759,127.04619530921697,20200106,20230223
407,4439,개인,대밭골주말농장,23,대구광역시,227,달성군,대구광역시 달성군 다사읍 문양리 681,"6,600",33,,12개월,"쉼터, 화장실, 수도","전화, 방문",70,35.86754761163731,128.4297899899677,20200106,20230222
408,4437,대구시청,죽곡도시텃밭,23,대구광역시,227,달성군,대구광역시 달성군 다사읍 죽곡리 706,"4,324",15,,9개월,"화장실,쉼터",대구도시농업박람회 홈페이지,40,35.84396266459717,128.46430847765046,20200106,20230222
409,4441,개인,농따라주말농장,23,대구광역시,227,달성군,대구광역시 달성군 유가읍 도의리 1086-3,"1,320",16.5,,12개월,"쉼터, 화장실, 수도","전화, 방문",75,35.656971895753585,128.45421365258946,20200106,20230222
410,4442,달성신당정보화마을,옥포신당정보화마을,23,대구광역시,227,달성군,대구광역시 달성군 옥포읍 신당리 509-2,"2,970",33,,12개월,화장실,"전화, 방문, 블로그",60,35.796949791596376,128.43755613345382,20200106,20230222
411,4443,개인,운산농원,23,대구광역시,227,달성군,대구광역시 달성군 옥포읍 본리리 1816-2,660,16.5,,12개월,"쉼터, 화장실, 수도","전화, 방문",50,35.79082647250862,128.44824465093149,20200106,20230222
412,4449,개인,밤나무주말농장,23,대구광역시,221,동구,대구광역시 동구 미대동 526-3,"1,900",16~33,,12개월,-,전화문의(2월말부터 신청·접수),평당 1만원,35.951147306547995,128.6776174356307,20200106,20230222
413,4426,서구청,풍암동 친환경공영도시텃밭,25,광주광역시,239,서구,광주광역시 서구 풍암동 383-1,"17,063",10,,12개월,"창고,휴게실,관정",방문 및 유선,50,35.12932344793217,126.8751776919425,20200106,20230222
414,4433,개인,아가원,23,대구광역시,227,달성군,대구광역시 달성군 옥포읍 기세리 794,"3,300",13.2,,12개월,"화장실, 쉼터, 주차장, 지하수","전화, 방문",50,35.76692810562968,128.48579063302552,20200106,20230222
415,4457,비래동,비래 나눔텃밭 2,26,대전광역시,247,대덕구,대전광역시 대덕구 비래동 산33-2,200,10,,8개월,-,방문,15,36.35627081622142,127.4597473927349,20200106,20230222
416,4435,개인,비슬육묘농장,23,대구광역시,227,달성군,대구광역시 달성군 옥포읍 교항리 2710,"3,630",16.5,,12개월,"쉼터, 화장실, 지하수","전화, 방문",130,35.78302155098791,128.45209997278258,20200106,20230222
417,4434,개인,천향허브,23,대구광역시,227,달성군,대구광역시 달성군 옥포읍 기세리 59,"1,320",16.5,,12개월,"화장실, 주차장, 수도시설","전화, 방문",50,35.79003512387334,128.4755420061722,20200106,20230222
418,4432,개인,두메산채원주말농장,23,대구광역시,227,달성군,대구광역시 달성군 옥포읍 반송리 54,"1,320",16.5,,12개월,"화장실, 쉼터, 주차장, 수도","전화, 방문",50,35.75611304439092,128.50222466777768,20200106,20230222
419,4431,개인,행복한도시농부놀이터,23,대구광역시,227,달성군,대구광역시 달성군 하빈면 묘리 산97,495,16.5,,12개월,"정자, 화장실, 수도, 전기","전화, 방문",50,35.89970375490724,128.42776881015004,20200106,20230222
420,4450,수성구청,조일골농장,23,대구광역시,225,수성구,"대구광역시 수성구 지산동 16-1, 16-2, 18, 19, 20, 42-2","9,284",20,,9개월,"주차장, 화장실","인터넷, 행정복지센터 접수",40,35.830724322459695,128.64799293942323,20200106,20230222
421,4458,비래동,비래 나눔텃밭 1,26,대전광역시,247,대덕구,대전광역시 대덕구 비래동 295,400,10,,8개월,-,방문,15,36.3590765515395,127.4531226687685,20200106,20230221
422,4531,도봉구,초안산 근린공원 나눔텃밭,21,서울특별시,188,도봉구,서울특별시 도봉구 창동 산154-1,"3,726",5,,9,"화장실, 쉼터",홈페이지,30,37.64602904593742,127.04490572641792,20200106,20230220
423,4743,동아대학교,창조교육형 텃밭,22,부산광역시,213,사하구,부산광역시 사하구 하단동 산19,3500,개인 미분양,,,"화장실, 주차장",전화,,35.11408069274471,128.96813410570584,20230127,20230215
424,3682,개      인,배꽃주말농장,22,부산광역시,215,강서구,부산광역시 강서구 강동동 201-1,4950,17,,8,화장실,전화,65,35.221887316395424,128.93615389977057,20190515,20230215
425,3805,개인,우리두리주말농장,25,광주광역시,241,북구,광주광역시 북구 청풍동 1082,"2,708",40,,10개월,"쉼터,수도,동물농장 등",전화신청,80,35.178721216301646,126.95986851993115,20190515,20230215
426,3804,한새봉두레,한새봉,25,광주광역시,241,북구,"광주광역시 북구 일곡동 472, 473","3,580",16.5,,12개월,-,유선 또는 방문,,35.21280770827965,126.89286786347404,20190515,20230215
427,4598,개인,고씨네 주말농장,24,인천광역시,232,남동구,인천광역시 남동구 서창동 산30-1,13591,33,,22.4월~11월,"급수, 휴게시설,화장실",전화,100,37.44116651647136,126.75117007242049,20200106,20230215
428,4675,개인,부평주말농장,33,전라북도,330,전주시,전라북도 전주시 완산구 평화동3가 259-8,"1,785",23,,12개월,"관수시설, 화장실, 쉼터",전화,"80,000",35.7788604479087,127.11778131466185,20200106,20230215
429,4203,경기 광명시,밤일주말농장,29,경기도,268,광명시,경기도 광명시 하안동 409,12610,16,,9개월,-,홈페이지,40,37.45072839482873,126.86197703448073,20200106,20230215
430,3762,미추홀구청,,24,인천광역시,230,미추홀구,인천광역시 미추홀구 용현동 148-21,56,,,12,,전화,,37.45433941271759,126.65503516824523,20190515,20230215
431,3801,개인,분토농업주말농장,25,광주광역시,241,북구,"광주광역시 북구 1311-3, 1316-3","6,600",16.5/33,,12개월,"수도, 쉼터",전화신청,60/100,,,20190515,20230215
432,3806,개인,해피팜주말농장,25,광주광역시,241,북구,광주광역시 북구 장등동 803,3300,16.5,,12개월,"수도, 쉼터,그네등",전화신청,70,35.206459684671906,126.93155266215356,20190515,20230215
433,3807,효령노인복지타운,영농체험장,25,광주광역시,241,북구,광주광역시 북구 효령동 476-1,"2,600",13.2㎡내외,,12개월,"주차장, 식수대, 화장실 등","기관 게시판, 홈페이지에 기재된 공고 기간에 따른 방문 신청",무료 : 노인복지센터 이용 어른신들 대상15천원 : 어린이 집 등 일반 외부기관 대상,35.24066573914905,126.90982016374225,20190515,20230215
434,3835,농촌체험휴양마을(무수천하마을),무수천하마을 주말농장,26,대전광역시,244,중구,대전광역시 중구 무수동 302-2,660,15,,12개월,없음,전화 등,50,36.27856236556856,127.40546081531842,20190515,20230215
435,3935,시흥시니어클럽,여러분농장,29,경기도,266,시흥시,경기도 시흥시 월곶동 425-4,6500,미정,,8개월,"쉼터, 간이화장실",방문,,37.37641199149285,126.76040646334268,20190515,20230215
436,3687,민간단체,두명마을 자연체험촌,22,부산광역시,219,기장군,부산광역시 기장군 정관읍 두명리 348-3,"2,410",16.5,,12개월,화장실,전화,50,35.35536024557794,129.1464301345122,20190515,20230215
437,4742,동래원예고교,생명존중 치유텃밭,22,부산광역시,214,금정구,부산광역시 금정구 금성동 산32-4,22500,개인 미분양,,,"화장실, 주차장",전화,,35.2516914139179,129.05823181936674,20230127,20230215
438,4763,개인,무지개 주말농장,29,경기도,275,구리시,경기도 구리시 토평동 587,1200,16,,9개월,"관수, 쉼터","전화,블로그",120,37.58421085835974,127.14200624429812,20230127,20230215
439,4820,개인,힐링텃밭,34,전라남도,354,화순군,전라남도 화순군 화순읍 삼천리 48,"2,970","2,970",,-,-,전화,50,35.04576425464977,126.99281114786952,20230127,20230215
440,4822,개인,힐링텃밭농장,34,전라남도,354,화순군,전라남도 화순군 화순읍 삼천리 983,"4,620","4,620",,-,-,전화,50,35.04173773526608,126.97866308142744,20230127,20230215
441,4839,마정2리 공동체,,29,경기도,267,파주시,경기도 파주시 문산읍 마정리 625-6 외,6600,17,,8개월,-,전화,25,37.890409391279036,126.75430470377164,20230127,20230215
442,3685,민간단체,다복솔마을,22,부산광역시,219,기장군,부산광역시 기장군 철마면 와여리 503-1,5610,17,,12개월,화장실(마을회관),전화,100,35.27676565187082,129.15010679321935,20190515,20230215
443,3684,기장군청,기장군 어린이 공영텃밭,22,부산광역시,219,기장군,부산광역시 기장군 철마면 웅천리 520-10,4500,23,,12개월,"화장실, 주차장",홈페이지,60,35.28763410029158,129.16873361511233,20190515,20230215
444,5001,서대문구,여울농장,29,경기도,273,양주시,경기도 양주시 장흥면 446-11,"2,970","2,475",,10개월,"주차장, 식수대, 화장실",홈페이지,,,,20230202,20230215
445,4745,개인,-,26,대전광역시,243,동구,대전광역시 동구 285번지 외 2,2552,30,,8개월,"주차장, 화장실 등",홈페이지,60,,,20230127,20230215
446,4933,청주시농업기술센터,미평텃밭,31,충청북도,304,청주시,전라남도 여수시 미평동 271-1,"3,300",17,,8개월,-,농업기술센터 방문접수,,34.76810830758821,127.70730684845599,20230201,20230215
447,4056,개인,햇님주말농장,29,경기도,263,화성시,경기도 화성시 진안동 35-24,5445,3.3,,9,-,전화,10,37.2243602832683,127.03577797528257,20190515,20230215
448,4553,개인,청계주말농장,21,서울특별시,200,서초구,서울특별시 서초구 원지동530,"4,950",9.9,,9개월,"화장실, 주차장",개별신청,120,37.435308578538084,127.06253931150421,20200106,20230215
449,4302,개인,서현농장,29,경기도,278,의왕시,의왕시왕곡동128,2644,16,,8개월,"물,쉼터,화장실",방문,70,37.34334992114992,126.99005361714643,20200106,20230209
450,4847,금촌청소년문화의 집,,29,경기도,267,파주시,"경기 파주시 시민회관길 40 (금촌동, 금촌도서관)",100,17,,8개월,-,전화,,37.7585123961623,126.780042505442,20230127,20230201
451,4846,3976부대,,29,경기도,267,파주시,경기 파주시 광탄면 부흥로169번길 1 (방축리),650,17,,8개월,-,전화,,37.8043092154988,126.866501093462,20230127,20230201
